siren,siret,link,mail,tel,denominationUsuelleEtablissement,numeroVoieEtablissement,typeVoieEtablissement,libelleVoieEtablissement,complementAdresseEtablissement,codePostalEtablissement,libelleCommuneEtablissement,activitePrincipaleEtablissement
63106058,6.31E+12,,,,,,,LE BUISSON,,49110,MONTREVAULT-SUR-EVRE,01.21Z
68200682,6.82E+12,,,,,30,RUE,BEAUSOLEIL,,49110,MAUGES-SUR-LOIRE,46.34Z
69101038,6.91E+12,,,,,,,LA BRUNETIERE,,49290,CHALONNES-SUR-LOIRE,01.21Z
265001453,2.65E+13,,,02 33 60 38 92,,,,L ECOCHERE,DOMAINE,44150,ANCENIS-SAINT-GEREON,01.21Z
300015930,3.00E+13,,,,,,LD,LE PAYET,,44330,LA CHAPELLE-HEULIN,01.21Z
300030665,3.00E+13,,,02 41 78 33 04,,,,LA GRANDE RUE,SAINT AUBIN DE LUIGNE,49190,VAL-DU-LAYON,01.21Z
300370830,3.00E+13,,,,,,LD,LES MORTIERS,,44190,GORGES,01.21Z
300583051,3.01E+13,,,,,,,BOURG,,49190,VAL-DU-LAYON,01.21Z
301168753,3.01E+13,muscadetchon.com,,02 40 54 11 08,,,,LE BOIS MALINGE,,44450,SAINT-JULIEN-DE-CONCELLES,46.34Z
301403978,3.01E+13,,,,,,,LE PATIS,,49230,SEVREMOINE,01.21Z
302382056,3.02E+13,,,02 40 32 73 57,,31,RUE,DES SABLES,,44860,PONT-SAINT-MARTIN,46.34Z
302661699,3.03E+13,,,,,,,BELLERIVE,,49190,ROCHEFORT-SUR-LOIRE,01.21Z
303656375,3.04E+13,,info@chimarrao-yerbamate.com,04 91 11 11 11,,13,BOULEVARD,GABRIEL GUIST'HAU,,44000,NANTES,46.34Z
303712681,3.04E+13,,,,,,,LE PAY,,44190,SAINT-LUMINE-DE-CLISSON,01.21Z
304164981,3.04E+13,passavant.net,,02 41 59 53 96,,31,RUE,DU PRIEURE,,49560,PASSAVANT-SUR-LAYON,01.21Z
304601552,3.05E+13,,,,,,DOM,DU GRAND MOUTON,LE GRAND MOUTON,44690,SAINT-FIACRE-SUR-MAINE,01.21Z
304907561,3.05E+13,,contact@parents-abelard.fr,02 40 36 64 40,,,AVENUE,DE LA SEVRE,,85700,SAINT-MESMIN,46.34Z
304907561,3.05E+13,,contact@parents-abelard.fr,02 40 36 64 40,,,,ZI LES BLUSSIERES,,85190,AIZENAY,46.34Z
306147521,3.06E+13,,,,,,,L'OLLULIERE,,49190,VAL-DU-LAYON,01.21Z
306529629,3.07E+13,,,,,,LD,LES GUERCHES,,44690,MONNIERES,01.21Z
308062025,3.08E+13,,,,,,LD,LE VIGNEAU,,44330,LA CHAPELLE-HEULIN,01.21Z
308821453,3.09E+13,,,,,,,LA BELLE AUGEVINE,,49190,VAL-DU-LAYON,01.21Z
309258564,3.09E+13,,,02 96 45 51 19,,,,,CD 81 BEL ABORD,44880,SAUTRON,46.34Z
310122544,3.10E+13,,,,,,LD,LE GRAND MOULIN,,49120,CHEMILLE-EN-ANJOU,01.21Z
310576475,3.11E+13,,,,,,LD,CAVE AUX TUFFIERES,,72340,LHOMME,01.21Z
310829361,3.11E+13,,,,,,ROUTE,DES MORTRAIS,,44860,SAINT-AIGNAN-GRANDLIEU,01.21Z
311091292,3.11E+13,,,,,,LD,LE BOIS JOLI,,44330,LE PALLET,01.21Z
311658694,3.12E+13,,,,,,ROUTE,DE NANTES,,44330,MOUZILLON,01.21Z
311980734,3.12E+13,domaine-des-rochelles.com,webmaster@point-sys.com,02 41 91 92 07,,,,LES ROCHELLES,,49320,LES GARENNES SUR LOIRE,01.21Z
312126345,3.12E+13,,,,,,,LE LEARD,,72300,VION,01.21Z
312373822,3.12E+13,,,,VINS - 20 MILLESIMES,24,RUE,DE LA VERTONNE,,85340,L'ILE-D'OLONNE,46.34Z
312373822,3.12E+13,,,,VINS MILLESIMES,14,RUE,MICHEL BRETON,LA MOTHE ACHARD,85150,LES ACHARDS,46.34Z
312520638,3.13E+13,,,,,11,RUE,JEAN ACKERMAN,ST HILAIRE ST FLORENT,49400,SAUMUR,46.34Z
313752297,3.14E+13,,,,,1260,ROUTE,DE MOZE,VAUCHRETIEN,49320,BRISSAC LOIRE AUBANCE,01.21Z
314043654,3.14E+13,,,,,,,LES JAMONNIERES,,44310,SAINT-PHILBERT-DE-GRAND-LIEU,01.21Z
314152877,3.14E+13,,,,,,,LA FREMOIRE,CHATEAU DE LA FREMOIRE,44120,VERTOU,01.21Z
314370396,3.14E+13,,,,,16,RUE,NATIONALE,CONCOURSON SUR LAYON,49700,DOUE-EN-ANJOU,01.21Z
315432013,3.15E+13,,,,,6,ROUTE,DE LA BREILLE,,49650,BRAIN-SUR-ALLONNES,01.21Z
315963454,3.16E+13,,,,,48,,LA NOUILLERE,,44330,VALLET,46.34Z
316392612,3.16E+13,,,,,,,LES ROCHETTES,,49700,DOUE-EN-ANJOU,01.21Z
316514454,3.17E+13,domainecady.fr,,02 41 78 33 69,,20,,VALETTE,SAINT AUBIN DE LUIGNE,49190,VAL-DU-LAYON,01.21Z
316608512,3.17E+13,,,,,,,CHATEAU DE LA ROCHE BOUSSEAU,DOMAINE DE LA PETITE ROCHE TREMONT,49310,LYS-HAUT-LAYON,01.21Z
317217842,3.17E+13,,,,,10,LD,LES TERRANDIERES,VALANJOU,49120,CHEMILLE-EN-ANJOU,01.21Z
317326726,3.17E+13,boutique.freres-couillaud.com,info@freres-couillaud.com,02 40 33 60 56,,2,,LA GRANDE RAGOTIERE,,44330,LA REGRIPPIERE,01.21Z
317626885,3.18E+13,,,,,4,RTE,DES GALONNIERES,FAYE D'ANJOU,49380,BELLEVIGNE-EN-LAYON,01.21Z
317666675,3.18E+13,,,,,,LD,BOURG,,49260,BELLEVIGNE-LES-CHATEAUX,01.21Z
317806032,3.18E+13,,,,,,LD,LA BERGEE,,49310,LYS-HAUT-LAYON,01.21Z
317806032,3.18E+13,,,,,,,LES TOUCHES,CONCOURSON SUR LAYON,49700,DOUE-EN-ANJOU,01.21Z
317806099,3.18E+13,leclosduchaillou.com,,02 40 36 27 43,,,,LA GUERTINIERE,,44330,VALLET,01.21Z
317831113,3.18E+13,,,,,1,ROUTE,DE CLISSON,,44330,VALLET,01.21Z
318403672,3.18E+13,lamercrediere.com,michel.futeul@laposte.net,02 40 54 80 10,,,LD,CHATEAU DE LA MERCREDIERE,,44330,LE PALLET,01.21Z
318557923,3.19E+13,,,,,13,RUE,DU VIEUX PONT,,49280,LA SEGUINIERE,01.21Z
318845302,3.19E+13,terravitavinum.fr,bienvenue@terravitavinum.fr,02 41 78 72 13,TERRA VITA VINUM,,,CHAUVIGNE,,49610,MOZE-SUR-LOUET,01.21Z
318849411,3.19E+13,,,,,291,RUE,DU CHENE,CHEZ MERCERON PATRICE LA COINDRIE,44430,LE LOROUX-BOTTEREAU,01.21Z
318948163,3.19E+13,,,,,,,LE VIEUX PRE VAUCHRETIEN,,49250,BRISSAC LOIRE AUBANCE,01.21Z
318948163,3.19E+13,,,,,24,RTE,DE DOUE,,49700,DOUE-EN-ANJOU,01.21Z
319247474,3.19E+13,,,,,,,LES TILLEULS,,44330,LA REGRIPPIERE,01.21Z
319380432,3.19E+13,,,,,,,LE CHATEAU DU BREUIL,,49750,BEAULIEU-SUR-LAYON,01.21Z
319597993,3.20E+13,domainebergerie.fr,contact@domainebergerie.fr,02 41 78 85 43,,,LD,LA BERGERIE,CHAMP SUR LAYON,49380,BELLEVIGNE-EN-LAYON,01.21Z
319810818,3.20E+13,,,,,,IMPASSE,DES JARDINS,,49750,BEAULIEU-SUR-LAYON,01.21Z
319902607,3.20E+13,domainedeladucquerie.fr,,02 41 78 42 00,,2,CHE,DU GRAND CLOS,SAINT LAMBERT DU LATTAY,49190,VAL-DU-LAYON,01.21Z
320349855,3.20E+13,,,,,,LD,BEAUREGARD,,44330,MOUZILLON,01.21Z
320408180,3.20E+13,,,,,,LD,LES HAUTES LOGES,,44140,AIGREFEUILLE-SUR-MAINE,01.21Z
320889884,3.21E+13,,,,FRANCE CENTURY POLEN - HENRI LESCURE - GOLDENLAFEI,,,CREVE COEUR,,49150,BAUGE-EN-ANJOU,46.34Z
320942899,3.21E+13,,,02 28 01 07 07,,27,,LA GRENAUDIERE,,44690,MAISDON-SUR-SEVRE,01.21Z
321078685,3.21E+13,,,,,6,RUE,DES MOULINS,,49700,LES ULMES,01.21Z
321290264,3.21E+13,,,,,,LD,LES GRANDES BROSSES,,49380,BELLEVIGNE-EN-LAYON,01.21Z
321628620,3.22E+13,,,,,,,CHATEAU DE LA GRANGE,,44650,CORCOUE-SUR-LOGNE,01.21Z
321748295,3.22E+13,,,,,,,LA PILOTIERE,,44330,VALLET,01.21Z
321815664,3.22E+13,,,02 99 99 36 56,OUEST BOISSONS,40,BOULEVARD,DENIS PAPIN,ZONE INDUSTRIELLE DES TOUCHES,53000,LAVAL,46.34Z
322071374,3.22E+13,,,,,,RUE,DU 8 MAI 1945,,49380,TERRANJOU,01.21Z
322305228,3.22E+13,,,,,25,AV,DU GENERAL LECLERC,DOUE LA FONTAINE,49700,DOUE-EN-ANJOU,01.21Z
322454497,3.22E+13,,,,,,,LE GAST,,44690,MAISDON-SUR-SEVRE,01.21Z
322532433,3.23E+13,,,,,,,LA CAVE COURANT,,49260,BELLEVIGNE-LES-CHATEAUX,01.21Z
322622952,3.23E+13,martin-bernard.com,,02 40 54 81 49,,,LD,LA HAUTIERE,,44690,SAINT-FIACRE-SUR-MAINE,01.21Z
322969247,3.23E+13,immobilier-damoiseau.fr,,,,,,ZA DES BLUSSIERES,PARC D'ACTIV. BLUSSIERES NORD,85190,AIZENAY,46.34Z
322969247,3.23E+13,immobilier-damoiseau.fr,,,,,BOULEVARD,DE LA CHANTERIE,ZAC DU PARC COMMUNAUTAIRE,49124,SAINT-BARTHELEMY-D'ANJOU,46.34Z
322969247,3.23E+13,immobilier-damoiseau.fr,,,,,,ESPACE D'ACTIVITE DE L'ETOILE,,72650,TRANGE,46.34Z
322969247,3.23E+13,immobilier-damoiseau.fr,,,,3,RUE,DES GRANDES BOSSES,ZAC LES HAUTS DE COURON,44220,COUERON,46.34Z
323202614,3.23E+13,,,,,,,LâAUDIGERE,,44330,VALLET,46.34Z
323315887,3.23E+13,,,,,54,IMPASSE,DU PONTREAU,LE PONTREAU,44330,MOUZILLON,01.21Z
323375378,3.23E+13,vignesdelalma.com,,02 41 72 71 09,,,,L'ALMA,SAINT FLORENT LE VIEIL,49110,MAUGES-SUR-LOIRE,01.21Z
324043975,3.24E+13,,,,,,,LA LEVRAUDIERE,,44330,LA CHAPELLE-HEULIN,01.21Z
324142710,3.24E+13,vinovini.fr,,02 40 66 55 57,,87,RUE,JEAN JAURES,,44600,SAINT-NAZAIRE,46.34Z
324293976,3.24E+13,domaine-des-herbauges.com,hello@domaine-des-herbauges.com,02 40 65 44 92,,,,HERBAUGES,,44830,BOUAYE,01.21Z
324684331,3.25E+13,chateaudufresne.fr,,02 41 54 30 88,,25,RUE,DES MONTS,FAYE D'ANJOU,49380,BELLEVIGNE-EN-LAYON,01.21Z
324830165,3.25E+13,,,,,53,AVENUE,DE L'ANGEVINIERE,,44800,SAINT-HERBLAIN,01.21Z
324894534,3.25E+13,guichet.fr,,02 40 13 09 52,,,RUE,LAVOISIER,ZA DU HAUT COIN,44140,AIGREFEUILLE-SUR-MAINE,46.34Z
325032605,3.25E+13,domainedelagrezille.com,domainedelagrezille@orange.fr,02 41 59 34 63,,,,LA GREZILLE,AMBILLOU CHATEAU,49700,TUFFALUN,01.21Z
325073880,3.25E+13,,,,,5,RUE,DU MOULIN DU ROY,,49750,BEAULIEU-SUR-LAYON,01.21Z
325152114,3.25E+13,,,,,172,RUE,DE CHAMPIGNY,,49400,SAUMUR,01.21Z
325435774,3.25E+13,,,,,,,DOMAINE DE MIHOUDY,,49540,AUBIGNE-SUR-LAYON,01.21Z
325866911,3.26E+13,,,02 40 33 72 94,,,,LA TOUCHE,,44330,VALLET,01.21Z
326183696,3.26E+13,,,,,5,RUE,DES PICARDS,,49260,LE PUY-NOTRE-DAME,01.21Z
326265758,3.26E+13,vgc.fr,,02 40 54 85 24,,,,LE COING,,44690,SAINT-FIACRE-SUR-MAINE,01.21Z
326275898,3.26E+13,domaine-de-gagnebert.com,moron@domaine-de-gagnebert.com,02 41 91 92 86,,2,CHE,DE LA NAURIVET JUIGNE SUR LOIRE,DOMAINE DE GAGNEBERT,49320,LES GARENNES SUR LOIRE,01.21Z
326321825,3.26E+13,,,,,,,LA PYRONNIERE,,44190,GORGES,01.21Z
326330693,3.26E+13,,,,,,,LA JOUSSELINIERE,,44450,SAINT-JULIEN-DE-CONCELLES,01.21Z
326413481,3.26E+13,,,,,,,LA BIGOTIERE,,44690,MAISDON-SUR-SEVRE,01.21Z
326438611,3.26E+13,,,,,,,LES CAVES,,49260,VAUDELNAY,01.21Z
326493061,3.26E+13,domainedupuydavyeau.com,domainedupuydavyeau@gmail.com,02 41 03 67 20,,,,LA COUR DU PUY DAVYEAU,MARTIGNE-BRIAND,49380,TERRANJOU,01.21Z
326569803,3.27E+13,,,,,,,LA GRELIERE,,44120,VERTOU,01.21Z
326610565,3.27E+13,,,,,,IMP,DU PETIT MOULIN,,49700,DOUE-EN-ANJOU,01.21Z
326610789,3.27E+13,,,,,,,CHAVANNES,,49260,LE PUY-NOTRE-DAME,01.21Z
326610839,3.27E+13,,,,,,,LE BOURG,,49700,DOUE-EN-ANJOU,01.21Z
326624939,3.27E+13,chateaulavariere.fr,,09 70 75 46 28,,,RTE,DE MOZE,CHATEAU LA VARIERE - VAUCHRETIEN,49250,BRISSAC LOIRE AUBANCE,01.21Z
326625043,3.27E+13,,,,,,,ST MAUR,,49160,GENNES-VAL-DE-LOIRE,01.21Z
326679420,3.27E+13,,,,,,,LE BOURG,,49730,TURQUANT,01.21Z
326728144,3.27E+13,,,,,,,LA FURONNIERE,,44430,LE LANDREAU,01.21Z
326823242,3.27E+13,,,,,,,LA BOUTEILLERIE,,44120,VERTOU,01.21Z
326959814,3.27E+13,domainedelepinay.com,contact@planete-communication.fr,,,,,L EPINAY,,44190,CLISSON,01.21Z
326998150,3.27E+13,,,,,2,RUE,DU PRIEURE,NOIRTERRE,49540,AUBIGNE-SUR-LAYON,01.21Z
327423919,3.27E+13,,philippe@caveau-prevote.fr,02 41 52 33 79,,,,MERON,,49260,MONTREUIL BELLAY,01.21Z
327428546,3.27E+13,,,,,,LD,COTEAU BIZEAU,DAMPIERRE SUR LOIRE,49400,SAUMUR,01.21Z
327577094,3.28E+13,,,,,,LD,LE GRAND BURGAUTHIER,,85440,TALMONT-SAINT-HILAIRE,01.21Z
327603296,3.28E+13,domainedittiere.com,domaine.dittiere@sfr.fr,02 41 91 23 78,,,,LA GROUAS,VAUCHRETIEN,49250,BRISSAC LOIRE AUBANCE,01.21Z
327666665,3.28E+13,gaecjollyfreres.com,gaec.jolly@orange.fr,02 41 57 76 76,,,,LA BOURELIERE,,49610,MURS-ERIGNE,01.21Z
327696142,3.28E+13,muscadet-forgeau.com,,02 40 33 95 37,,,,LA ROUAUDIERE,,44330,MOUZILLON,01.21Z
327724027,3.28E+13,,,,,,,LES GALARDIERES,,49110,MAUGES-SUR-LOIRE,01.21Z
327741666,3.28E+13,,,,,,LD,LA TELACHERE,,85250,CHAVAGNES-EN-PAILLERS,01.21Z
327837613,3.28E+13,,,,,,,LA BILLARDIERE,,44120,VERTOU,01.21Z
327967881,3.28E+13,,,,,,,LE SAUVEROYE,,49190,VAL-DU-LAYON,01.21Z
328036983,3.28E+13,,,,,4,RUE,DES VIGNERONS,,49400,SOUZAY-CHAMPIGNY,01.21Z
328202809,3.28E+13,,,,,,,CLOS DE LAVEAU,JUIGNE SUR LOIRE,49320,LES GARENNES SUR LOIRE,01.21Z
328384219,3.28E+13,preprod.domaine-leblanc.fr,contact@domaine-leblanc.fr,02 41 54 30 78,,,,LES CLOSERONS,FAYE D'ANJOU,49380,BELLEVIGNE-EN-LAYON,01.21Z
328547765,3.29E+13,,,,,,,,,72340,MARCON,01.21Z
328590617,3.29E+13,domaine2vallees.com,,02 41 78 33 24,,3586,ROUTE,DES HAUTS DE CHAUME,ST AUBIN DE LUIGNE,49750,VAL-DU-LAYON,01.21Z
328618632,3.29E+13,,,,,,,MAILLON,,44430,LE LOROUX-BOTTEREAU,01.21Z
328965280,3.29E+13,,,,,,,LE PALNA,,49260,VAUDELNAY,01.21Z
328965306,3.29E+13,,,,,,RTE,D ARGENTAY,,49700,DOUE-EN-ANJOU,01.21Z
329055933,3.29E+13,domaine-lesmeribelles.com,,02 41 67 46 64,,14,RUE,DE LA BIENBOIRE,LE PETIT CLOS,49400,SOUZAY-CHAMPIGNY,01.21Z
329145023,3.29E+13,,,,,,,LA GROLLAIE,,49310,LYS-HAUT-LAYON,01.21Z
329269906,3.29E+13,,,,,,LD,LE HAUT-PLANTY,,44430,LE LANDREAU,01.21Z
329334999,3.29E+13,,,,DOMAINE DE VILLEFORT,,,VILLEFORT,,85240,FAYMOREAU,46.34Z
329361562,3.29E+13,tourlaudiere.com,,02 40 36 24 86,,,,LA TOURLAUDIERE,174 VILLAGE DE BONNE FONTAINE,44330,VALLET,01.21Z
329506943,3.30E+13,,,,,,,DOMAINE DE HAUT MONT,,49380,BELLEVIGNE-EN-LAYON,01.21Z
329543110,3.30E+13,,,05 49 65 90 23,TONTON BACCHUS,,,LE REVE,,49690,CORON,46.34Z
329694699,3.30E+13,,,,,,LD,LA BOURDINIERE,,44690,CHATEAU-THEBAUD,01.21Z
329910129,3.30E+13,,,,,,,L'HETRE ANDRE,,72150,COURDEMANCHE,01.21Z
329910194,3.30E+13,,,,,,,LA CHAUVINIERE,,44690,CHATEAU-THEBAUD,01.21Z
329943567,3.30E+13,,,,,40,,LA HAIE TROIS SOUS,,44690,MAISDON-SUR-SEVRE,01.21Z
329949820,3.30E+13,,,,,,CHE,DES CHESNAIES,,49190,VAL-DU-LAYON,01.21Z
329958235,3.30E+13,,,,,11,RUE,DES VALLEES,,85470,BREM-SUR-MER,01.21Z
329991475,3.30E+13,,,02 51 55 11 79,C&B CAVE,18,RUE,DES MENUISIERS,ZI DE LA BEGAUDIERE,85800,SAINT-GILLES-CROIX-DE-VIE,46.34Z
330094806,3.30E+13,domainedechantemerle.fr,,02 41 59 43 18,,4,RUE,DE CHANTEMERLE,TREMONT,49310,LYS-HAUT-LAYON,01.21Z
330439332,3.30E+13,,,,,,LD,PINOREAU,,49700,DOUE-EN-ANJOU,01.21Z
330479536,3.30E+13,,contact@poironhenri.com,02 40 54 60 58,,,LD,LES QUATRE ROUTES,,44690,MAISDON-SUR-SEVRE,01.21Z
330480690,3.30E+13,domainedevilleneuve.fr,gaeclefortetfils@orange.fr,02 41 59 40 26,,6,,VILLENEUVE LES BOUILLONS,NUEIL SUR LAYON,49310,LYS-HAUT-LAYON,01.21Z
330496472,3.30E+13,,,,,,,LA BOUGRIE,,49380,BELLEVIGNE-EN-LAYON,01.21Z
330502071,3.31E+13,,contact@p-r-v.fr,,,,,LA TOURLAUDIERE,,44330,VALLET,46.34Z
330574773,3.31E+13,bidgi-vins-muscadet.fr,,02 40 54 83 24,,11,RUE,DU CALVAIRE,,44690,LA HAIE-FOUASSIERE,01.21Z
330622192,3.31E+13,hautbourg.fr,,02 40 65 47 69,,11,RUE,DE NANTES,,44830,BOUAYE,01.21Z
330696121,3.31E+13,,,,,,,LE MOULIN TURQUAIS,,49380,TERRANJOU,01.21Z
331101931,3.31E+13,filliatreau.fr,,02 41 52 90 84,,,,CHAINTRE,DAMPIERRE SUR LOIRE,49400,SAUMUR,01.21Z
331101931,3.31E+13,filliatreau.fr,,02 41 52 90 84,,,,LA GRANDE VIGNOLLE,,49730,TURQUANT,46.34Z
331203927,3.31E+13,vignobles-laffourcade.fr,,02 41 85 52 62,,,,L ECHARDERIE,,49190,ROCHEFORT-SUR-LOIRE,01.21Z
331251025,3.31E+13,,,,,,,LE PETIT CHALON,,49230,SEVREMOINE,01.21Z
331321091,3.31E+13,,,,MD VINS,14,RUE,DE LA CHAIGNEE,,85770,VIX,46.34Z
331358135,3.31E+13,domainelesgrandesvignes.com,,02 41 54 05 06,,302,CHEMIN,DE LA BUTTE,LA ROCHE AUBRY - THOUARCE,49380,BELLEVIGNE-EN-LAYON,01.21Z
331593798,3.32E+13,,,02 41 77 75 13,,2,CHE,DES POUETS LA POMMERAYE,,49110,MAUGES-SUR-LOIRE,46.34Z
331611491,3.32E+13,,,,,,,LUCET,,49310,LYS-HAUT-LAYON,01.21Z
331704189,3.32E+13,domaine-sainteanne.com,,02 41 91 24 58,,,,SAINTE ANNE,,49250,BRISSAC LOIRE AUBANCE,01.21Z
331824516,3.32E+13,,,,,,,MESNIL,,49380,BELLEVIGNE-EN-LAYON,01.21Z
331859462,3.32E+13,chateaudeputille.fr,chateaudeputille@orange.fr,02 41 39 02 91,,,LD,PUTILLE,,49110,MAUGES-SUR-LOIRE,01.21Z
331960849,3.32E+13,,,,,,,LA GARONDIERE,,49110,MAUGES-SUR-LOIRE,01.21Z
331974758,3.32E+13,,,,,,,CLOS DE LA JUTIERE,,49120,CHEMILLE-EN-ANJOU,01.21Z
332193309,3.32E+13,,,,,1,RUE,LE VERGER,,44690,LA HAIE-FOUASSIERE,01.21Z
332360593,3.32E+13,,,02 40 33 82 99,,,,LA MORILLERE,,44430,LE LOROUX-BOTTEREAU,01.21Z
332651199,3.33E+13,domaines-vinet.com,,02 40 54 88 96,,,,LA QUILLA,,44690,HAIE-FOUASSIERE (LA),01.21Z
332651199,3.33E+13,domaines-vinet.com,,02 40 54 88 96,,1,DOMAINE,DE LA QUILLA,,44690,LA HAIE-FOUASSIERE,01.21Z
332651199,3.33E+13,domaines-vinet.com,,02 40 54 88 96,,3,DOMAINE,DE LA QUILLA,,44690,LA HAIE-FOUASSIERE,01.21Z
332657709,3.33E+13,muscadet-perraud.com,,02 40 03 95 76,,,RUE,DU CHATELET,LA VINCONNIERE,44190,CLISSON,01.21Z
332757038,3.33E+13,,,,,,,LE BUISSON,,49110,MAUGES-SUR-LOIRE,46.34Z
333178598,3.33E+13,,,,,,,LA PIERRE BLANCHE,,44330,VALLET,01.21Z
333284834,3.33E+13,,contact@morille-luneau.com,02 40 06 34 09,,,,L AUBERDIERE,,44450,DIVATTE-SUR-LOIRE,01.21Z
333400364,3.33E+13,,,,,19,RUE,DE LA POSTE,,44690,MONNIERES,01.21Z
333428282,3.33E+13,valton-vignoble.fr,valton.vignoble@outlook.com,,,,,LE QUARTERON,,44190,GORGES,01.21Z
333466670,3.33E+13,chateau-de-villeneuve.com,jp-chevallier@chateau-de-villeneuve.com,02 41 51 14 04,,3,RUE,JEAN BREVET,CHATEAU DE VILLENEUVE,49400,SOUZAY-CHAMPIGNY,01.21Z
333532166,3.34E+13,,,,,,,LE FRESCHE,LA POMMERAYE,49110,MAUGES-SUR-LOIRE,01.21Z
333598712,3.34E+13,,,,,,RUE,DES GABELOUS,,85470,BREM-SUR-MER,01.21Z
333620839,3.34E+13,leshautesvignes.fr,alainfourrier@domainedeshautesvignes.fr,02 41 50 21 96,,,RUE,DE LA CHAPELLE,,49400,DISTRE,01.21Z
333772499,3.34E+13,,,02 41 50 44 16,,7,,LE MOULIN DE LA DEVAUDERIE,TREMONT,49310,LYS-HAUT-LAYON,01.21Z
333909182,3.34E+13,,,,,,,LA BIGOTIERE,,44690,MAISDON-SUR-SEVRE,01.21Z
334058500,3.34E+13,,,,,,,LA GIRAUDIERE,,44190,GORGES,01.21Z
334219201,3.34E+13,,,,,,,LE HAUT FRENE,,49270,OREE-D'ANJOU,01.21Z
334293610,3.34E+13,,,,,,,BEAUREGARD,,49110,MONTREVAULT-SUR-EVRE,01.21Z
334454907,3.34E+13,,,,,,,CHANTEPIE,,44330,LE PALLET,01.21Z
334482031,3.34E+13,,,,,,,L ABBAYE MARE,,49260,VAUDELNAY,01.21Z
334527835,3.35E+13,,,,,,,LA LOUEE,,44120,VERTOU,01.21Z
334826864,3.35E+13,,,,,,,LA RINIERE,,44430,LE LANDREAU,01.21Z
334922994,3.35E+13,,,,,72,RUE,DE LA TANCRERE,,49270,OREE-D'ANJOU,01.21Z
335124715,3.35E+13,,,,,,,LA SIMPLERIE,,44190,GORGES,01.21Z
335239406,3.35E+13,,,,,,,LE HAUT BANCHEREAU,,44190,GORGES,01.21Z
335274312,3.35E+13,domaine-hureau.fr,,02 41 67 60 40,,,,LE GRAND HUREAU,,49400,SAUMUR,01.21Z
335288197,3.35E+13,,,,,,,BEAU SOLEIL,,49110,MAUGES-SUR-LOIRE,01.21Z
337542583,3.38E+13,,,,,,,LA ROBARDIERE,,49110,MONTREVAULT-SUR-EVRE,01.21Z
337891824,3.38E+13,,,,,,,AUX ROCHETTES,,49610,MOZE-SUR-LOUET,01.21Z
338026263,3.38E+13,,,,,1,RUE,DU PONT BARRE,,49190,VAL-DU-LAYON,01.21Z
338054737,3.38E+13,armanddavid.com,contact@armand-david.com,02 41 52 20 84,,,,MESSEME,,49260,VAUDELNAY,01.21Z
338085202,3.38E+13,,,02 41 54 33 64,,,LD,LE MOULIN MILON,,49380,TERRANJOU,46.34Z
338412836,3.38E+13,,,,,,,LES CHASNIERES,,49380,BELLEVIGNE-EN-LAYON,01.21Z
338425754,3.38E+13,,,,,,,RACAPE,,44430,LE LANDREAU,01.21Z
338511959,3.39E+13,montgilet.com,montgilet@wanadoo.fr,02 41 91 90 48,,10,CHE,DE MONTGILET,JUIGNE-SUR-LOIRE,49320,LES GARENNES SUR LOIRE,01.21Z
338963184,3.39E+13,,,,,,,LA MOTTE,,49380,TERRANJOU,01.21Z
339105322,3.39E+13,daheuiller.com,,02 41 52 90 94,,28,RUE,DU RUAU,,49400,VARRAINS,01.21Z
339363566,3.39E+13,,,,,2,RUE,DE L'EPINAY,CHATEAU DE L'EPINAY,44690,SAINT-FIACRE-SUR-MAINE,01.21Z
339363798,3.39E+13,,,,,,DOM,MOULIN JOLIVIERE BELLE,,44650,LEGE,01.21Z
339513335,3.40E+13,domaine-du-buisson.com,domaine.du.buisson@orange.fr,02 41 72 73 91,,5,RUE,DU BELLAY,,49110,MAUGES-SUR-LOIRE,01.21Z
339557522,3.40E+13,,,,,,,LE BOIS HUAUT,,44190,GORGES,01.21Z
339661696,3.40E+13,,,,,,,CIX,,49260,LE PUY-NOTRE-DAME,01.21Z
340091065,3.40E+13,,,,,,,ABBAYE STE RADEGONDE,,44430,LE LOROUX-BOTTEREAU,01.21Z
340208487,3.40E+13,,,,,,,LA GAGNERIE,,49230,SEVREMOINE,01.21Z
340240928,3.40E+13,,,,,286,,LA COUR DE BLOIS,SAINT CHRISTOPHE LA COUPERIE,49270,OREE-D'ANJOU,01.21Z
340369438,3.40E+13,,,,,,,LE BOIS LAMBERT,,44330,LE PALLET,01.21Z
340404672,3.40E+13,,,,,332,RUE,DE LA SOCIETE,TREZE,49260,MONTREUIL-BELLAY,01.21Z
340414630,3.40E+13,,,,,,,PIERRE BISE,,49750,BEAULIEU-SUR-LAYON,01.21Z
340440122,3.40E+13,,,,,,RTE,DE MONTREUIL,LA PLAINE,49700,DOUE-EN-ANJOU,01.21Z
340440320,3.40E+13,,,,,,RUE,DU COLONEL PANAGET,,49380,TERRANJOU,01.21Z
340469568,3.40E+13,,,,,,RUE,D'ANJOU,,49540,AUBIGNE-SUR-LAYON,01.21Z
340516848,3.41E+13,,,,,13,RUE,DE LA PINSONNIERE,SANZIERS,49260,VAUDELNAY,01.21Z
340536523,3.41E+13,closdesbourguignons.fr,,02 40 33 95 22,,97,ROUTE,DE NANTES,,44330,MOUZILLON,01.21Z
340554237,3.41E+13,,,,,4,RUE,DE LA MAINE,LA GUERIVIERE,44690,MAISDON-SUR-SEVRE,01.21Z
340698034,3.41E+13,vins-nantes.fr,lachapelle@vins-nantes.fr,02 40 29 70 71,,27,RUE,MARTIN LUTHER KING,,44240,LA CHAPELLE-SUR-ERDRE,46.34Z
340807098,3.41E+13,chateau-de-la-preuille.fr,info@chateau-de-la-preuille.fr,,,,,LA PREUILLE,CHATEAU DE,85600,MONTAIGU-VENDEE,01.21Z
340936723,3.41E+13,lescelliersdegrandlieu.com,67contact@lescelliers.com,02 85 52 35 67,,15,RUE,JOLIOT-CURIE,,44720,SAINT-JOACHIM,46.34Z
340936723,3.41E+13,lescelliersdegrandlieu.com,67contact@lescelliers.com,02 85 52 35 67,,18,ROUTE,DE LA GAROTTERIE,,44860,SAINT-AIGNAN-GRANDLIEU,46.34Z
340936723,3.41E+13,lescelliersdegrandlieu.com,67contact@lescelliers.com,02 85 52 35 67,,,,ZI LE BREUIL,,85640,MOUCHAMPS,46.34Z
340980499,3.41E+13,,,,,39,RUE,DE CHATELAISON,SAINT GEORGES SUR LAYON,49700,DOUE-EN-ANJOU,01.21Z
341014348,3.41E+13,domainedhomme.com,contact@planete-communication.fr,02 41 45 06 53,,675,ROUTE,DE CHEMILLE,,49290,CHALONNES-SUR-LOIRE,01.21Z
341429371,3.41E+13,,,,,,,LA MORINIERE,,49610,SOULAINES-SUR-AUBANCE,01.21Z
341499317,3.41E+13,solivins.fr,,02 53 55 72 43,,8,RUE,DU MOULIN DES LANDES,,44840,LES SORINIERES,46.34Z
341610483,3.42E+13,,,02 41 56 70 64,,,RUE,DE LA MAIRIE,,49600,MONTREVAULT-SUR-EVRE,46.34Z
341929313,3.42E+13,,,,,,,LES OISONNIERES,CHAVAGNES,49380,TERRANJOU,01.21Z
342100336,3.42E+13,chateau-epire.com,,02 41 77 15 01,,,,CHAIS DU CHATEAU D EPIRE,,49170,SAVENNIERES,01.21Z
342328234,3.42E+13,,,,,,,LA GRANDE MASURE,,44430,LE LANDREAU,01.21Z
342552452,3.43E+13,,,,,60,RUE,RENE GASNIER,,49190,ROCHEFORT-SUR-LOIRE,01.21Z
342610185,3.43E+13,,,,,,,CANCALE,LE CLOS DU PLESSIS,44430,LE LOROUX-BOTTEREAU,46.34Z
342661501,3.43E+13,,,,,,,CHAINTRE,,49400,SAUMUR,01.21Z
342933017,3.43E+13,,,,,34,RUE,DE LA GRELIERE,LD LA GRELIERE,44120,VERTOU,01.21Z
343110847,3.43E+13,,,,,,,L ORSELIERE,,44430,LE LOROUX-BOTTEREAU,01.21Z
343134417,3.43E+13,,,,,,,PLAISANCE,,49190,ROCHEFORT-SUR-LOIRE,01.21Z
343148490,3.43E+13,domaine-gagnerie.wifeo.com,,02 41 54 69 39,,,CHE,DE LA COUDRE,,49320,LES GARENNES SUR LOIRE,01.21Z
343222501,3.43E+13,,,02 40 36 10 79,,,,LE BOIS HUAUT,,44190,GORGES,01.21Z
343322665,3.43E+13,,,02 40 05 84 44,,,,CHAMPTELOUP,DOMAINE DE CHAMPTELOUP,49700,DOUE-EN-ANJOU,01.21Z
343322665,3.43E+13,,,02 40 05 84 44,,,,LA FORCHETIERE,,44650,CORCOUE-SUR-LOGNE,01.21Z
343322665,3.43E+13,,,02 40 05 84 44,,,,CHATEAU DE MONTGUERET,NUEIL SUR LAYON,49310,LYS-HAUT-LAYON,01.21Z
343322665,3.43E+13,,,02 40 05 84 44,,,CHATEAU,DU CLERAY,,44330,VALLET,01.21Z
343333159,3.43E+13,,,,,,,LA GELTIERE,,85500,SAINT-PAUL-EN-PAREDS,01.21Z
343400198,3.43E+13,,,,,,,LA BASSE CANTERIE,,44120,VERTOU,01.21Z
343408753,3.43E+13,,,,,,CLOS,DE L'ABBAYE,LE PUY NOTRE DAME,49260,LE PUY-NOTRE-DAME,01.21Z
343425641,3.43E+13,domainederocfontaine.com,contact@domainederocfontaine.com,02 41 51 46 89,,7,RUELLE,DES BIDEAUX,ROCFONTAINE,49730,PARNAY,01.21Z
343426532,3.43E+13,,,,,,,LA BALEINERIE,,49700,DOUE-EN-ANJOU,01.21Z
343431714,3.43E+13,collegialedomaineloire.com,contact@collegialedomaineloire.com,02 41 52 29 09,,,RTE,DE SANZIERS,LE BOIS MORIN,49260,LE PUY-NOTRE-DAME,46.34Z
343512703,3.44E+13,,,,,,,LA HALLOPIERE,,44690,MONNIERES,01.21Z
343513206,3.44E+13,,,,,9,RUE,DE LA SEVRE,,44690,LA HAIE-FOUASSIERE,01.21Z
343514022,3.44E+13,,,,,,,ST MARTIN,,44115,HAUTE-GOULAINE,01.21Z
343726634,3.44E+13,,,,,,LD,LE BOIS HAM,,49230,SEVREMOINE,01.21Z
343812350,3.44E+13,,,,,,,LA HAIE DE BERGE,,49270,OREE-D'ANJOU,01.21Z
343854253,3.44E+13,,,,,,,MILLE,,49380,TERRANJOU,01.21Z
343874087,3.44E+13,,,,,,,LA REBUNIERE,,44330,VALLET,01.21Z
344102819,3.44E+13,,,,,8,RUE,DE L'ABBAYE,,49190,ROCHEFORT-SUR-LOIRE,01.21Z
344336680,3.44E+13,,,,,,,LES GIRAUDIERES,,44190,GORGES,01.21Z
344371935,3.44E+13,,,02 51 71 77 20,,2,,LA HAIE TESSANTE,,44330,VALLET,01.21Z
344428826,3.44E+13,,,,,,,LA CROIX VIAU,SAINT SATURNIN SUR LOIRE,49250,BRISSAC LOIRE AUBANCE,01.21Z
344971106,3.45E+13,,,,,,,LA DOUVE,,49380,BELLEVIGNE-EN-LAYON,01.21Z
345122493,3.45E+13,domaine-matignon.fr,info@domaine-matignon.fr,02 41 59 43 71,,21,AV,DU CHATEAU,,49380,TERRANJOU,01.21Z
345161947,3.45E+13,domainemenardgaborit.com,contact@domainemenardgaborit.com,02 40 54 61 06,,,,LA MINIERE,,44690,MONNIERES,01.21Z
345263891,3.45E+13,,,,,,,LES BUCHES,,49270,OREE-D'ANJOU,01.21Z
345291413,3.45E+13,domaine-etang.fr,,02 41 91 70 61,,,,ROUTE DE SAINT MATHURIN,BRISSAC QUINCE,49250,BRISSAC LOIRE AUBANCE,01.21Z
347392920,3.47E+13,,,02 41 54 14 99,,,,LA GABETTERIE,,49380,BELLEVIGNE-EN-LAYON,01.21Z
347537789,3.48E+13,,,,,,,LA PETITE CROIX,,49380,BELLEVIGNE-EN-LAYON,01.21Z
347538613,3.48E+13,,,,,,,LES PETITS MARCHAIS,,49380,BELLEVIGNE-EN-LAYON,01.21Z
347743338,3.48E+13,,,02 40 06 98 27,,,,LA MAISON NEUVE,,44190,GORGES,01.21Z
347861999,3.48E+13,,,,,1,RUE,DE LA COUR NAULT,,49260,LE PUY-NOTRE-DAME,01.21Z
347910648,3.48E+13,,,,,10,RUE,DE L'EGLISE,,49700,BROSSAY,01.21Z
348047705,3.48E+13,,,,,,,LA BERTHAUDIERE,,44430,LE LOROUX-BOTTEREAU,01.21Z
348297656,3.48E+13,,,,,,,LA FRAPPILLONNIERE,,49380,BELLEVIGNE-EN-LAYON,01.21Z
348299900,3.48E+13,domaine-foliette.com,foliette@orange.fr,02 40 36 92 28,,35,RUE,DE LA FONTAINE,,44690,LA HAIE-FOUASSIERE,01.21Z
348499252,3.48E+13,,,,,,,LE TERTRE,,44330,MOUZILLON,01.21Z
348506536,3.49E+13,,,,,,,LES QUATRE ROUTES,,44690,MAISDON-SUR-SEVRE,01.21Z
348509555,3.49E+13,,,,,11,,LE GAST,,44690,MAISDON-SUR-SEVRE,01.21Z
348557406,3.49E+13,domaine-lavigne.com,,02 41 52 92 57,,15,RUE,DES ROGELINS,,49400,VARRAINS,01.21Z
348590571,3.49E+13,,,,,122,AVENUE,DES ROCHES,,49590,FONTEVRAUD-L'ABBAYE,01.21Z
348615295,3.49E+13,,,02 41 59 43 07,,,,TREMOUSSEAU,,49310,LYS-HAUT-LAYON,01.21Z
348688961,3.49E+13,,,,,,,LA MOUCLETIERE,,44330,VALLET,01.21Z
348695180,3.49E+13,,,,,,,PLACE DE L'EGLISE,CHAMP SUR LAYON,49380,BELLEVIGNE-EN-LAYON,01.21Z
348783978,3.49E+13,,,,,62,RUE,DE BEAULIEU,,49400,SAUMUR,01.21Z
348795386,3.49E+13,,,,,60,,GRANDE RUE,,49380,BELLEVIGNE-EN-LAYON,01.21Z
349230821,3.49E+13,muscadet-ganichaud.fr,ganichaud@wanadoo.fr,,,9,ROUTE,D'ANCENIS,,44330,MOUZILLON,01.21Z
349327213,3.49E+13,,,,,,,LA MARTINIERE,,44430,LE LOROUX-BOTTEREAU,01.21Z
349505545,3.50E+13,,,,,,,LE TREMBLAY,,49270,OREE-D'ANJOU,01.21Z
349505933,3.50E+13,,,,,,,BOURG,,49260,BELLEVIGNE-LES-CHATEAUX,01.21Z
349623926,3.50E+13,,,,,,,LA CHRISTOPHIERE,CHRIST0PHIERE,49280,LA SEGUINIERE,01.21Z
349693234,3.50E+13,,,,,,,LE BOIS MOZE,,49250,BRISSAC LOIRE AUBANCE,01.21Z
349707083,3.50E+13,,,,,,,BEAUREGARD,,44330,MOUZILLON,01.21Z
349775650,3.50E+13,chenais-charpentier.webnode.fr,chenais-c@orange.fr,,,,,LA BRETONNIERE,,44430,LE LANDREAU,01.21Z
349997742,3.50E+13,,,,,13,ALL,DU 19 MARS 1962,DOUE LA FONTAINE,49700,DOUE-EN-ANJOU,01.21Z
350117628,3.50E+13,domainedelavrignaie.com,,,,,,LA NOUE,,85310,LE TABLIER,01.21Z
350359626,3.50E+13,,,,,,RTE,DE SAUMUR,LE BOIS DES DAMES,49260,MONTREUIL-BELLAY,01.21Z
350574059,3.51E+13,,,,,,,LES GAUMONTS,,49380,BELLEVIGNE-EN-LAYON,01.21Z
350638441,3.51E+13,,,,,,,LA POMMERAIE,,44330,VALLET,01.21Z
350708384,3.51E+13,,,,,,,CHATEAU DE TIGNE,,49310,LYS-HAUT-LAYON,01.21Z
350787628,3.51E+13,,,,,,,LUSTEAU,,44140,AIGREFEUILLE-SUR-MAINE,01.21Z
350792255,3.51E+13,,contact@domaine-severin.fr,,,3586,ROUTE,DES HAUTS DE CHAUME,ST AUBIN DE LUIGNE,49750,VAL-DU-LAYON,46.34Z
350815288,3.51E+13,,,,,,LD,LE PETIT VAL,,49380,TERRANJOU,01.21Z
350815601,3.51E+13,,,,,,,LA MULONNIERE,,49750,BEAULIEU-SUR-LAYON,01.21Z
350817508,3.51E+13,domainedesraynieres.com,,02 41 52 44 87,,33,RUE,DU RUAU,,49400,VARRAINS,01.21Z
351028402,3.51E+13,,,02 40 36 11 97,,2,PLACE,DU MUSCADET,LA BREBIONNIERE,44190,CLISSON,01.21Z
351162250,3.51E+13,clos-rougeard.com,contact@clos-rougeard.com,02 41 52 92 65,,14,ALL,DES TILLEULS,CHACE,49260,BELLEVIGNE-LES-CHATEAUX,01.21Z
351467071,3.51E+13,,,,,,,LA PAGUERIE,,49560,CLERE-SUR-LAYON,01.21Z
351706254,3.52E+13,,,,,1,RUE,MAURICE MASSIGNON,SAINT LAMBERT DU LATTAY,49190,VAL-DU-LAYON,01.21Z
351793252,3.52E+13,vignoble-papin.com,papin.herve2@wanadoo.fr,02 41 45 34 33,,1,,LES BESNERIES,,49610,MOZE-SUR-LOUET,01.21Z
351814264,3.52E+13,,,,,8,RUE,DU VIEUX PUITS,,49700,LOURESSE-ROCHEMENIER,01.21Z
352128797,3.52E+13,baumard.fr,contact@baumard.fr,02 41 78 70 03,,8,RUE,DE L'ABBAYE,LE LOGIS DE LA GIRAUDIERE,49190,ROCHEFORT-SUR-LOIRE,01.21Z
352477939,3.52E+13,,,,,66,RUE,LES NOYERS,MARTIGNE BRIAND,49380,TERRANJOU,01.21Z
352495717,3.52E+13,,,,,,,LES BARRES,,49190,VAL-DU-LAYON,01.21Z
352547723,3.53E+13,,,,,110,RUE,DE LA PALEINE,SAINT-CYR-EN-BOURG,49260,BELLEVIGNE-LES-CHATEAUX,01.21Z
352644215,3.53E+13,domainedestilleuls.fr,contact@domainedestilleuls.fr,02 40 33 60 04,,18,RUE,DU VIGNOBLE,,44330,LA REGRIPPIERE,01.21Z
352647861,3.53E+13,,,,,,RUE,DES MARTYRS,,49730,TURQUANT,01.21Z
352660708,3.53E+13,,,02 41 52 98 62,,,CHEMIN,DES DARS,VARRAINS,49400,VARRAINS,01.21Z
352782247,3.53E+13,didier-delaunay.fr,p.cabello.siteweb@gmail.com,02 41 45 34 53,,2,RUE,DES PRES,,49610,MOZE-SUR-LOUET,01.21Z
353013931,3.53E+13,,,,,,,LA GUITTIERE,,44430,LE LANDREAU,01.21Z
353014863,3.53E+13,,,02 40 06 95 74,,,,LA SIMPLERIE,,44190,GORGES,01.21Z
353031958,3.53E+13,,,02 41 70 45 86,,,LD,LA RUAUTE,,49230,SEVREMOINE,01.21Z
353079106,3.53E+13,,,,,32,RUE,DU PONT BARRE,,49190,VAL-DU-LAYON,01.21Z
353084056,3.53E+13,,,02 40 54 66 34,,101,RUE,DES QUARTERONS,,44690,MONNIERES,01.21Z
353121023,3.53E+13,,,,,,,LE GAST,,44690,MAISDON-SUR-SEVRE,01.21Z
353205230,3.53E+13,fandechenin.com,,02 41 78 98 25,,,RUE,DU COMMERCE,,49290,CHAUDEFONDS-SUR-LAYON,01.21Z
353211600,3.53E+13,,,02 41 78 37 57,,,,LA ROCHE,,49190,VAL-DU-LAYON,01.21Z
353235401,3.53E+13,,,,,,,LA BIGOTIERE,,44690,MAISDON-SUR-SEVRE,01.21Z
353252950,3.53E+13,,,,,,,LE PONT DE L OUEN,,44430,LE LOROUX-BOTTEREAU,01.21Z
353253107,3.53E+13,,,,,291,RUE,DU CHENE,LA COINDERIE,44430,LE LOROUX-BOTTEREAU,01.21Z
353339112,3.53E+13,,,,,,,LA BARIGAUDAIS,,44120,VERTOU,01.21Z
353339187,3.53E+13,,,,,67,ROUTE,DE LA FONTENELLE,,44120,VERTOU,01.21Z
353422595,3.53E+13,,,,,,,LE REVELLERIE,,44310,SAINT-PHILBERT-DE-GRAND-LIEU,01.21Z
353441413,3.53E+13,,,,,17,,LA RECIVIERE,,44330,MOUZILLON,01.21Z
353528730,3.54E+13,sodib.fr,sodib@wanadoo.fr,02 41 56 12 06,,,RUE,ZONE INDUSTRIELLE DES COUR,ZONE D'ACTIVITES LES COURTILS,49310,LYS-HAUT-LAYON,46.34Z
353540438,3.54E+13,,,,,1224,RUE,DES CLOS,,49260,COURCHAMPS,01.21Z
353695646,3.54E+13,,,02 43 29 45 79,,,,LA BREVIERE,,72500,LUCEAU,01.21Z
353850811,3.54E+13,,,,,,,LE MARCHAIS RONDEAU,,49310,MONTILLIERS,01.21Z
377481361,3.77E+13,,,,,2,RUE,DES GRANDS JARDINS,LE CHAMPSIOME,44860,PONT-SAINT-MARTIN,01.21Z
377570585,3.78E+13,,,,,,,LE PINEAU,,49330,SCEAUX-D ANJOU,01.21Z
377619382,3.78E+13,,,,,26,RUE,RABELAIS,,49190,VAL-DU-LAYON,01.21Z
377619861,3.78E+13,,,,,,,FONTAINE DE CHASLES,,49380,BELLEVIGNE-EN-LAYON,01.21Z
377620794,3.78E+13,,,,,,,PIETON,,49250,BRISSAC LOIRE AUBANCE,01.21Z
377852389,3.78E+13,,,,,,,LA FOUCHERAIE,,72310,LOIR EN VALLEE,01.21Z
377861158,3.78E+13,,,,,387,RUE,JEAN GASCHET,,49700,DOUE-EN-ANJOU,01.21Z
378021448,3.78E+13,boutique.chateaudeplaisance.com,bonjour@chateaudeplaisance.com,02 41 78 33 01,,,,PLAISANCE,,49190,ROCHEFORT-SUR-LOIRE,01.21Z
378116065,3.78E+13,domainedewagram.fr,info@domainedewagram.fr,02 41 59 51 96,,,,WAGRAM,,49310,LYS-HAUT-LAYON,01.21Z
378269740,3.78E+13,,,,,,,LE HAUT LATAY,,44140,AIGREFEUILLE-SUR-MAINE,01.21Z
378318505,3.78E+13,,,,,,,LES ROCHETTES,,49400,SAUMUR,01.21Z
378320212,3.78E+13,domainedessablonnieres.com,,02 41 51 32 98,,365,RUE,JEAN GASCHET,,49700,DOUE-EN-ANJOU,01.21Z
378375240,3.78E+13,domainedelagauterie.com,,02 41 45 50 04,,,,LA GAUTERIE,,49250,BRISSAC LOIRE AUBANCE,01.21Z
378386346,3.78E+13,,,,,10,RUE,VALBRUN,,49730,PARNAY,01.21Z
378442131,3.78E+13,,,,,,,LES GUERCHES,,44690,MONNIERES,01.21Z
378507933,3.79E+13,,,,,,,LA VRIGNAIE,,85660,SAINT-PHILBERT-DE-BOUAINE,01.21Z
378825376,3.79E+13,,,,,,,LA PAONNERIE,,44150,VAIR-SUR-LOIRE,01.21Z
378872493,3.79E+13,,,02 51 41 97 52,,,,LES LANDES,,85660,SAINT-PHILBERT-DE-BOUAINE,01.21Z
378995237,3.79E+13,,,02 51 00 60 87,,,,LA CHAIGNEE,,85770,VIX,01.21Z
379124126,3.79E+13,,,,,,,LA SAULAIE,SAINT AUBIN DE LUIGNE,49190,VAL-DU-LAYON,01.21Z
379145840,3.79E+13,,,02 41 78 30 35,,38,RUE,RABELAIS,,49190,VAL-DU-LAYON,01.21Z
379180565,3.79E+13,,,,,,,LES BARONNERIES,,49380,TERRANJOU,01.21Z
379262587,3.79E+13,vignoblejaumouille.fr,vignoblejaumouille@gmail.com,02 41 70 41 72,,4,,LA NOUE,,49230,SEVREMOINE,01.21Z
379272099,3.79E+13,,,,,,,LE CLOS DES CORDELIERS,,49400,SOUZAY-CHAMPIGNY,01.21Z
379314883,3.79E+13,,,02 40 06 33 33,,,,LE CHENE,LA CHAPELLE BASSE MER,44450,DIVATTE-SUR-LOIRE,01.21Z
379388234,3.79E+13,,,,,,,LA PETITE CROIX,,49380,BELLEVIGNE-EN-LAYON,01.21Z
379535016,3.80E+13,,,,,16,AV,DES TROIS PONTS,LA CHEVALIERE,49380,BELLEVIGNE-EN-LAYON,01.21Z
379551401,3.80E+13,,,,,,,LA GAUTERIE,ST LAMBERT DU LATTAY,49190,VAL-DU-LAYON,01.21Z
379589385,3.80E+13,,,,,93,,GRAND'RUE,,49400,VARRAINS,01.21Z
379591860,3.80E+13,,,,,,,BEAU SOLEIL,,44330,MOUZILLON,01.21Z
379592157,3.80E+13,,,,,,,DOMAINE DE VAUCALE,,49540,AUBIGNE-SUR-LAYON,01.21Z
379782139,3.80E+13,,,,,,,LA PINSONNERIE,FAYE D ANJOU,49380,BELLEVIGNE-EN-LAYON,01.21Z
379833544,3.80E+13,grolleaugris.fr,contact@grolleaugris.fr,02 40 21 45 16,,,,LES PRIES,,44580,VILLENEUVE-EN-RETZ,01.21Z
379975253,3.80E+13,,,,,218,,LA MAILLERE,,44310,SAINT-PHILBERT-DE-GRAND-LIEU,01.21Z
379975253,3.80E+13,,,,,,,LâHOMMELAIS,,44310,SAINT-PHILBERT-DE-GRAND-LIEU,01.21Z
380014878,3.80E+13,,,02 40 36 39 03,,125,,LES CORBEILLERES,,44330,VALLET,01.21Z
380186049,3.80E+13,,,,,,,LE PETIT CERNAY,,49310,CERNUSSON,01.21Z
380359760,3.80E+13,denecheregeffard.site-solocal.com,lapetitecroix@yahoo.fr,02 41 54 06 99,,,,LA PETITE CROIX,,49380,BELLEVIGNE-EN-LAYON,01.21Z
380444034,3.80E+13,,,,,,LD,LES VARANNES,,49700,DOUE-EN-ANJOU,01.21Z
380477182,3.80E+13,,,,,,,LA NOUETTE,NUEIL SUR LAYON,49310,LYS-HAUT-LAYON,01.21Z
380542498,3.81E+13,,,,,1,,LES CORBINIERES,,44430,LE LANDREAU,01.21Z
380558759,3.81E+13,,,,,,,LA FILOTIERE,,49270,OREE-D'ANJOU,01.21Z
380636118,3.81E+13,,,,,,,LA GROLERIE,,44120,VERTOU,01.21Z
380641753,3.81E+13,,contact@anthrasite-creation.fr,02 40 54 38 44,,,,LE MAGASIN,,44190,GORGES,01.21Z
380643379,3.81E+13,,,,,,,DOMAINE DE LA FRUITIERE,,44690,CHATEAU-THEBAUD,46.34Z
380711044,3.81E+13,maillard-vigneron.com,contact@maillard-vigneron.com,02 40 80 44 92,,59,,LE PE DE SEVRE,,44330,LE PALLET,01.21Z
380718361,3.81E+13,,,,,,,ARDENAY,,49290,CHAUDEFONDS-SUR-LAYON,01.21Z
380740324,3.81E+13,,,02 40 03 64 49,,2,,LE MARTINET,#NOM?,44450,DIVATTE-SUR-LOIRE,01.21Z
380742858,3.81E+13,,,02 41 54 65 14,,20,RTE,DE MARTIGNEAU,,49320,LES GARENNES SUR LOIRE,01.21Z
380882886,3.81E+13,,,,,,LD,AUNIS,DAMPIERRE SUR LOIRE,49400,SAUMUR,01.21Z
380903013,3.81E+13,,,,,,,LE PIQUERANT,,85670,LA CHAPELLE-PALLUAU,01.21Z
380926501,3.81E+13,,,,,,,BEAUCHENE,,44430,LE LANDREAU,01.21Z
380971754,3.81E+13,,,,,,,LA PENISSIERE,,44690,CHATEAU-THEBAUD,01.21Z
380994988,3.81E+13,domaineduroty.fr,domaineduroty@orange.fr,02 40 98 00 88,,,,LE ROTY,,44150,VAIR-SUR-LOIRE,01.21Z
381022631,3.81E+13,saint-arnoul.com,vignoble@saint-arnoul.com,02 41 59 43 62,,5,RUE,DES CAVES SOUSIGNE MARTIGNE-BRIA,,49380,TERRANJOU,01.21Z
381066513,3.81E+13,,,,,11,RUE,D'ANJOU,,49700,DOUE-EN-ANJOU,01.21Z
381077387,3.81E+13,,,,,,,CHATEAU DE TARGE,,49730,PARNAY,01.21Z
381081363,3.81E+13,,,,,,,LA MINOTERIE,,44270,PAULX,01.21Z
381139799,3.81E+13,vinsjeanlouislhumeau.com,,02 41 59 30 51,,7,RUE,ST VINCENT,,49700,DOUE-EN-ANJOU,01.21Z
381173624,3.81E+13,,,,,,,LE CHATEAU DE LA MALONNIERE,,44430,LE LOROUX-BOTTEREAU,01.21Z
381189679,3.81E+13,,,,,11,RUE,DES VARENNES,SAINT LAMBERT DU LATTAY,49190,VAL-DU-LAYON,01.21Z
381241132,3.81E+13,,,02 40 33 81 82,,,,LA MARTELIERE,,44430,LE LOROUX-BOTTEREAU,01.21Z
381243542,3.81E+13,,,,,,,SAINTE FOY,SAINT LAMBERT DU LATTAY,49190,VAL-DU-LAYON,01.21Z
381384791,3.81E+13,,,,,,,CHATEAU DE BREZE,,49260,BELLEVIGNE-LES-CHATEAUX,01.21Z
381546860,3.82E+13,,,,,,,LA HALLOPIERE,,44690,MONNIERES,01.21Z
381584010,3.82E+13,,,,,,,CHANTELOUP,,49260,VAUDELNAY,01.21Z
381630938,3.82E+13,,,,,,,LES LANDAIS,,44330,LE PALLET,01.21Z
381682137,3.82E+13,,,,,,PL,DU MARCHE,,44120,VERTOU,46.34Z
381876424,3.82E+13,,,02 40 36 31 16,,,,CHAINTRE,,44330,MOUZILLON,46.34Z
381914266,3.82E+13,,,,,,,LA BERNARDIERE,,44330,CHAPELLE-HEULIN (LA),01.21Z
382001717,3.82E+13,,,,,,,LA MORANDIERE,,44330,MOUZILLON,01.21Z
382040236,3.82E+13,,,,,,,CHATEAU DE FESLES,,49380,BELLEVIGNE-EN-LAYON,01.21Z
382067171,3.82E+13,,,,,,,LA TOUQUETIERE,,44310,SAINT-PHILBERT-DE-GRAND-LIEU,01.21Z
382116671,3.82E+13,,,,,,,LA REBOURGERE,,44690,MAISDON-SUR-SEVRE,01.21Z
382160869,3.82E+13,,,,,337,CHEMIN,DU VILLAGE,LIEUDIT LA FONTAINE DE CHASLES - THOUA,49380,BELLEVIGNE-EN-LAYON,01.21Z
382253532,3.82E+13,,,,,,,MIDOUIN LE HAUT,ST HILAIRE ST FLORENT,49400,SAUMUR,01.21Z
382253532,3.82E+13,,,,,,,SAINTE BARBE,,49310,LYS-HAUT-LAYON,01.21Z
382297125,3.82E+13,chateau-de-rosnay.com,,02 51 30 59 06,,,,LE BOURG,,85320,ROSNAY,01.21Z
382314276,3.82E+13,,,,,4,RUE,SAINT VINCENT,BREZE,49260,BELLEVIGNE-LES-CHATEAUX,01.21Z
382369296,3.82E+13,,,,,52,RTE,DE MONTREUIL,,49700,DOUE-EN-ANJOU,01.21Z
382371680,3.82E+13,domaine-paleine.com,,02 41 52 21 24,,9,RUE,DE LA PALEINE,,49260,LE PUY-NOTRE-DAME,01.21Z
382396646,3.82E+13,,,,,,,LA ROCHE,,49320,BRISSAC LOIRE AUBANCE,01.21Z
382407807,3.82E+13,,,,,,,LA PERRIERE,,72250,PARIGNE L EVEQUE,01.21Z
382463263,3.82E+13,,,,,,,LES VIGNES,,49110,MONTREVAULT-SUR-EVRE,01.21Z
382579803,3.83E+13,,,,,,,LES ROCHETTES,,49700,DOUE-EN-ANJOU,01.21Z
382580553,3.83E+13,girardrie.com,domaine@girardrie.com,02 41 52 25 10,,,,CIX,,49260,LE PUY-NOTRE-DAME,01.21Z
382614071,3.83E+13,,,,,,CHE,DU GRAND HAME,,49170,SAVENNIERES,01.21Z
382695013,3.83E+13,,,,,,LD,LE PRE BASSORT,,44430,LE LOROUX-BOTTEREAU,01.21Z
382766426,3.83E+13,chateau-viaudiere.fr,1and1@preambulles.fr,03 89 29 32 39,,,,LA VIAUDIERE,,49380,BELLEVIGNE-EN-LAYON,01.21Z
382834349,3.83E+13,,,,,10,RUE,DE LA POSTE,,49380,BELLEVIGNE-EN-LAYON,01.21Z
382894673,3.83E+13,,,,,15,RUE,D'ARGENTON,,49700,DOUE-EN-ANJOU,01.21Z
382980068,3.83E+13,,,,,,,MOSSEME,,49260,VAUDELNAY,01.21Z
383101789,3.83E+13,,,,,,,LA GOUPILLERE,,44860,PONT-SAINT-MARTIN,01.21Z
383117587,3.83E+13,domaine-de-nerleux.fr,,02 41 51 61 04,SCEA REGIS NEAU,4,RUE,DE LA PALEINE,,49260,BELLEVIGNE-LES-CHATEAUX,01.21Z
383117769,3.83E+13,,,02 41 78 33 33,,,,LE GRAND BEAUVAIS,,49190,VAL-DU-LAYON,01.21Z
383139433,3.83E+13,,,,,,LD,CHAMPOINET,,44330,MOUZILLON,01.21Z
383141900,3.83E+13,valbrun.com,leocharruau@valbrun.com,,,74,RUE,VALBRUN,,49730,PARNAY,01.21Z
383218823,3.83E+13,,,,,,,,,85570,SAINT-VALERIEN,01.21Z
383320090,3.83E+13,domaineduparadis.com,,09 86 16 54 57,,13,RUE,DU PARADIS,,44690,LA HAIE-FOUASSIERE,01.21Z
383333127,3.83E+13,,,,,4,RUE,DE LA PALEINE,,49260,BELLEVIGNE-LES-CHATEAUX,01.21Z
383365632,3.83E+13,,,,,7,RUE,SAINT-VINCENT,,44120,VERTOU,01.21Z
383424587,3.83E+13,,,02 41 59 68 80,,,,LA GAUBRETIERE,,49380,TERRANJOU,01.21Z
383447893,3.83E+13,hesiode.com,,02 41 43 97 85,,3,RUE,RENE HERSEN,CTRE AFFAIRES BOCAGE,49240,AVRILLE,46.34Z
383457017,3.83E+13,,,,,33,IMPASSE,PAUL PAINLEVE,,49260,MONTREUIL-BELLAY,01.21Z
383678810,3.84E+13,,,,,,,LA MORANDIERE,,44330,MOUZILLON,01.21Z
383686540,3.84E+13,,,02 40 80 44 17,,44,,BRETIGNE,,44330,LE PALLET,01.21Z
383781465,3.84E+13,sagesse-des-sols.com,contact@sagesse-des-sols.com,02 41 59 65 73,,20,RUE,DU PRESSOIR MALIGNE,MARTIGNE BRIAND,49380,TERRANJOU,01.21Z
383809167,3.84E+13,,,,,9,PLACE,MADAME MAUCLERC,,72340,LA CHARTRE-SUR-LE-LOIR,01.21Z
383902459,3.84E+13,,,02 41 78 36 59,,,,CLOS DE LA JUTIERE,,49120,CHEMILLE-EN-ANJOU,01.21Z
383942794,3.84E+13,,,,,12,RUE,DE LA PREE,MOLLAY,49260,SAINT-JUST-SUR-DIVE,01.21Z
383953932,3.84E+13,robineau-chrislou.com,,02 41 78 36 04,,14,RUE,RABELAIS,SAINT LAMBERT DU LATTAY,49190,VAL-DU-LAYON,01.21Z
383959228,3.84E+13,,,02 40 36 23 22,,55,IMPASSE,DE LA NEUSTRIE,LA BARILLERE,44330,MOUZILLON,01.21Z
384091534,3.84E+13,,,,,,,LE CLOS DES CARMES,,49260,BELLEVIGNE-LES-CHATEAUX,01.21Z
384121554,3.84E+13,,,,,,,LA NOUETTE,,44120,VERTOU,01.21Z
384158937,3.84E+13,,,,,,,CHAMPOINET,,44330,MOUZILLON,01.21Z
384179859,3.84E+13,rochesneuves.com,germain.louis@outlook.fr,02 41 52 94 02,,56,BOULEVARD,SAINT-VINCENT,,49400,VARRAINS,01.21Z
384194031,3.84E+13,,,,,,,LE DUAU,TILLIERES,49230,SEVREMOINE,01.21Z
384304697,3.84E+13,,,,,,,LA GALUSSIERE,,44190,GORGES,01.21Z
384304895,3.84E+13,,,,,,,LE PARADIS,,44690,HAIE-FOUASSIERE (LA),01.21Z
384321832,3.84E+13,,,02 40 54 80 05,,,,LES GILLIERES,,44690,HAIE-FOUASSIERE (LA),01.21Z
384325452,3.84E+13,,,,,,,LE BOURG,,49700,DOUE-EN-ANJOU,01.21Z
384402996,3.84E+13,,,,,,LD,RIGAL,CONCOURSON SUR LAYON,49700,DOUE-EN-ANJOU,01.21Z
384504577,3.85E+13,,,,,,,COURSAY,,44690,MONNIERES,01.21Z
384609194,3.85E+13,,,,,,,PETIT PLESSIS,,49270,OREE-D'ANJOU,01.21Z
384647517,3.85E+13,haut-meyreau.fr,contact@chronos.com,,CHATEAU HAUT MEYREAU,3,RUE,DE L'EGLISE,,53200,MENIL,46.34Z
384682613,3.85E+13,,,,,7,CHE,DU CLOS BAUGE,,49700,DOUE-EN-ANJOU,01.21Z
384807939,3.85E+13,,,,,6,RUE,DES COMBATTANTS,,49380,BELLEVIGNE-EN-LAYON,01.21Z
384995254,3.85E+13,,,,VIGNOBLE OLLIVIER,27,,LA GRENAUDIERE,,44690,MAISDON-SUR-SEVRE,46.34Z
385106976,3.85E+13,,,,,,,DOMAINE DE LA FRUITIERE,,44690,CHATEAU-THEBAUD,01.21Z
385168372,3.85E+13,domainedesdeuxarcs.fr,contact@planete-communication.fr,02 41 59 47 37,,11,RUE,DU 8 MAI 1945,,49380,TERRANJOU,01.21Z
385247531,3.85E+13,,,,,,,LA FOSSE BELLAY,,49700,CIZAY-LA-MADELEINE,46.34Z
385345855,3.85E+13,,,,,,,DOMAINE DE LA FRANCHAIE,,49170,LA POSSONNIERE,01.21Z
387637382,3.88E+13,,,,,,,LA CAMBUSE,,49270,OREE-D'ANJOU,01.21Z
387756042,3.88E+13,,,,,,,LA TOUR GASSELIN,,44430,LE LANDREAU,01.21Z
387891526,3.88E+13,,,,,,,LES LANDES,,85660,SAINT-PHILBERT-DE-BOUAINE,01.21Z
387985443,3.88E+13,,,,,10,RUE,DES ROGELINS,,49400,VARRAINS,01.21Z
388023145,3.88E+13,,,,,,,LA BEDAUDIERE,,49730,TURQUANT,01.21Z
388165177,3.88E+13,,,,,1,RUE,DU CORMIER,CHAMP SUR LAYON,49380,BELLEVIGNE-EN-LAYON,01.21Z
388180796,3.88E+13,,,,,,,LA BODINIERE,,44330,VALLET,01.21Z
388265530,3.88E+13,,,,,,RUE,SAINT-VINCENT,SANZIERS,49260,LE PUY-NOTRE-DAME,01.21Z
388417149,3.88E+13,,,,,,RUE,DES MARTYRS,,49730,TURQUANT,01.21Z
388481640,3.88E+13,,,,,,LD,LE MOULIN HENRIET,,44680,SAINTE-PAZANNE,01.21Z
388482432,3.88E+13,larochemoreau.com,davy.larochemoreau@wanadoo.fr,02 41 78 34 55,,,,LA ROCHE MOREAU,,49190,VAL-DU-LAYON,01.21Z
388482606,3.88E+13,,contact@domaineblouin.fr,02 41 78 33 53,,53,RUE,DU CANAL DE MONSIEUR,SAINT AUBIN DE LUIGNE,49190,VAL-DU-LAYON,01.21Z
388508244,3.89E+13,chateaudeladurandiere.fr,,02 41 40 35 30,,51,RUE,DES FUSILLES 1944,,49260,MONTREUIL-BELLAY,01.21Z
388536021,3.89E+13,,,,,,,LA POISSONNERIE,,72340,BEAUMONT SUR DEME,01.21Z
388544140,3.89E+13,,,,,235,RUE,DES CAVES,OIRE,49260,VAUDELNAY,01.21Z
388552440,3.89E+13,pascaljanviersarl.site-solocal.com,vins.janvier@orange.fr,02 43 44 29 65,,,,LA MINEE,,72310,LOIR EN VALLEE,01.21Z
388620288,3.89E+13,,,02 40 33 72 72,,,,LâAUJARDIERE,,44430,LA REMAUDIERE,01.21Z
388670762,3.89E+13,,,,,5,RUE,DU BOURNEAU,,49700,CIZAY-LA-MADELEINE,01.21Z
388692519,3.89E+13,domaineluneaupapin.com,,02 40 06 45 27,,23,RUE,DES CHAIS,LA GRANGE,44430,LE LANDREAU,01.21Z
388693004,3.89E+13,domaineraphaelluneau.fr,contact@domaineraphaelluneau.fr,02 40 06 45 65,,,,LA GRANGE,,44430,LE LANDREAU,01.21Z
388745226,3.89E+13,domaineduhautpuiset.com,,02 41 78 58 15,,,,LE HAUT PUISET,,49110,MAUGES-SUR-LOIRE,01.21Z
388816092,3.89E+13,,,,,,,DOMAINE DES SAULAIES,FAYE D ANJOU,49380,BELLEVIGNE-EN-LAYON,01.21Z
389012329,3.89E+13,,,02 41 54 31 17,,286,RUE,DU LEARD,THOUARCE,49380,BELLEVIGNE-EN-LAYON,46.34Z
389033036,3.89E+13,,,,,,,CHATEAU DE BROSSAY,,49560,CLERE-SUR-LAYON,01.21Z
389033051,3.89E+13,,,,,,,CHATEAU DE BROSSAY,,49560,CLERE-SUR-LAYON,01.21Z
389105321,3.89E+13,lebistrot.alleatone.fr,,02 43 28 55 01,,29,RUE,DU DOCTEUR LEROY,,72000,LE MANS,46.34Z
389144478,3.89E+13,domainedelesperance.com,contact@planete-communication.fr,02 41 70 46 09,,4,LD,L'ESPERANCE,,49230,SEVREMOINE,01.21Z
389157603,3.89E+13,fremonclairs.fr,dom.fremonclairs@wanadoo.fr,02 41 38 14 81,,45,RUE,DES MARTYRS,,49730,TURQUANT,01.21Z
389203951,3.89E+13,,,,,,,LES BASSES BOUTEILLES,,44140,LE BIGNON,01.21Z
389217258,3.89E+13,,,,,,,LE CHATEAU,,49540,AUBIGNE SUR LAYON,01.21Z
389392945,3.89E+13,,,,,20,RUE,DES OUCHES,LA GRANDE NOE,44120,VERTOU,01.21Z
389451121,3.89E+13,,,,,,,LA COUR D ARDENAY,,49290,CHAUDEFONDS-SUR-LAYON,01.21Z
389483124,3.89E+13,,,,,,,LA BIQUERIE,ST AUBIN DE LUIGNE,49190,VAL-DU-LAYON,01.21Z
389490731,3.89E+13,,,,,10,RUE,DE LâEGLISE,,49700,BROSSAY,01.21Z
389553710,3.90E+13,domainedelavetrie.com,,02 41 54 16 67,,,,LA PETITE VETRIE,,49380,BELLEVIGNE-EN-LAYON,01.21Z
389572900,3.90E+13,,,,,53,,LA FEVRIE,,44690,MAISDON-SUR-SEVRE,01.21Z
389650680,3.90E+13,,,,,11,RTE,DE ST GEORGES,,49310,LYS-HAUT-LAYON,01.21Z
389737909,3.90E+13,,,,,,,L'ONGLEE,,49290,CHALONNES-SUR-LOIRE,01.21Z
389751314,3.90E+13,,,,,,,LA PELOUSE DE LA GOUDERIE,,72110,BEAUFAY,01.21Z
389754896,3.90E+13,,,,,,,LA MAZURE,,44430,LE LANDREAU,01.21Z
389769225,3.90E+13,,,,,,,LE CLOS DU PONT,,44330,MOUZILLON,01.21Z
389770918,3.90E+13,vins-de-saumur.com,,,,23,RUE,DES MOULINS,,49700,LES ULMES,01.21Z
389785023,3.90E+13,chateaudeau.com,,,,,BOULEVARD,GASTON BIRGE,,49100,ANGERS,46.34Z
389785023,3.90E+13,chateaudeau.com,,,CHATEAU D'EAU,1,RUE,DU PROGRES,,44840,LES SORINIERES,46.34Z
389794355,3.90E+13,,,,,,,LA GATE,,44710,SAINT-LEGER-LES-VIGNES,01.21Z
389841453,3.90E+13,domainecloslassay.fr,,02 41 52 26 04,,1,ROUTE,DE BOUILLE,,49260,SAINT-MACAIRE-DU-BOIS,01.21Z
389855917,3.90E+13,domaineduboisjoly.com,,,,54,,LE BOIS JOLY,BOIS JOLY,44330,LE PALLET,01.21Z
389963430,3.90E+13,,,,,,,LIEU DIT LE MAGASIN,,44190,GORGES,01.21Z
389968686,3.90E+13,,,02 41 52 29 84,MICHEL TOURISME,490,RUE,CROIX ST ANDRE,,49260,VAUDELNAY,46.34Z
389968934,3.90E+13,,,,,,,LE PAVILLON,,49270,OREE-D'ANJOU,01.21Z
389969478,3.90E+13,,,,,,,LE TERTRE,,49270,OREE-D'ANJOU,01.21Z
389985458,3.90E+13,domaine-angeliere.fr,boret@orange.fr,02 41 78 85 09,,5,,ROUTE DE L'ANGELIERE,CHAMP SUR LAYON,49380,BELLEVIGNE-EN-LAYON,01.21Z
389989906,3.90E+13,,,,,,,LA SEBINIERE,,44330,PALLET (LE),01.21Z
390085512,3.90E+13,,,,,,,LA PETITE AUJARDIERE,,44330,LA REGRIPPIERE,01.21Z
390222628,3.90E+13,,,,,276,RUE,LE MIHERVE,,49260,COURCHAMPS,01.21Z
390236982,3.90E+13,domainedescormiers.fr,guillaume.loiret@orange.fr,,,47,ROUTE,DE LA HAYE-FOUASSIERE,LA BOUTEILLERIE,44120,VERTOU,01.21Z
390251106,3.90E+13,domaine-de-saint-maur.fr,,02 41 57 30 24,,,,ST MAUR,,49160,GENNES-VAL-DE-LOIRE,01.21Z
390393114,3.90E+13,,,,,,,LA GARDIERE,,49430,HUILLE-LEZIGNE,01.21Z
390588085,3.91E+13,,,,,,LD,LE BOIS HAM,,49230,SEVREMOINE,01.21Z
390598001,3.91E+13,,,02 40 06 43 15,,,,LA MAISONNEUVE,,44430,LE LOROUX-BOTTEREAU,01.21Z
390598225,3.91E+13,,,02 40 83 72 20,,,,LA PIGRISIERE,,49270,OREE-D'ANJOU,01.21Z
390646636,3.91E+13,,,,,5,RUE,DE LA MAIRIE,,44860,PONT-SAINT-MARTIN,46.34Z
390698413,3.91E+13,,,,,,,GROSLAY,,49160,GENNES-VAL-DE-LOIRE,01.21Z
390811925,3.91E+13,,,,,,,LES MOULINS,,49700,DOUE-EN-ANJOU,01.21Z
390817617,3.91E+13,,,,,,,LA BECASSIERE,,44430,LE LOROUX-BOTTEREAU,01.21Z
390907566,3.91E+13,,,,,,,LA GAUBERTIERE,,44190,GORGES,01.21Z
390954022,3.91E+13,,,02 40 06 95 58,,,,LA CORMERAIS,,44690,MONNIERES,01.21Z
390999340,3.91E+13,,,,,118,,LA MARE MERLET,CHATEAU LA PERRIERE,44330,LE PALLET,01.21Z
391034790,3.91E+13,,,,,,,LA BLINIERE,,49160,GENNES-VAL-DE-LOIRE,01.21Z
391160819,3.91E+13,domaineduplessis.net,,,,16,,LE PRE DU PLESSIS,,44310,SAINT-PHILBERT-DE-GRAND-LIEU,01.21Z
391242377,3.91E+13,,,,,,CHEMIN,DES RUETTES,,49400,DISTRE,01.21Z
391269933,3.91E+13,,,02 40 36 44 26,,,,BONNE-FONTAINE,,44330,VALLET,01.21Z
391435245,3.91E+13,,,,,,,LE MOULIN D'ETIAU,,49120,CHEMILLE-EN-ANJOU,01.21Z
391493921,3.91E+13,,,,,24,,LES GIRAUDIERES,,44190,GORGES,01.21Z
391499167,3.91E+13,,,,,,,BRON,,49260,LE COUDRAY-MACOUARD,01.21Z
391573623,3.92E+13,,,,,,,,,49320,LES GARENNES SUR LOIRE,01.21Z
391573755,3.92E+13,,,,,,,,,49320,LES GARENNES SUR LOIRE,01.21Z
391619962,3.92E+13,,,,,,,MOULIN DE LA GRAVELLE,,44190,GORGES,01.21Z
391755105,3.92E+13,domainedupetitval.com,goizil@domainedupetitval.com,02 41 54 31 14,,,,DOMAINE DU PETIT VAL,,49380,TERRANJOU,01.21Z
391794831,3.92E+13,,,02 41 52 23 72,,,,CHAVANNES,,49260,LE PUY-NOTRE-DAME,01.21Z
391908555,3.92E+13,,,,,3,RUE,DE L'AUBANCE,,49610,SOULAINES-SUR-AUBANCE,01.21Z
391914058,3.92E+13,,,,,,,LâAUDIGERE,,44330,VALLET,01.21Z
391977626,3.92E+13,,,,,,,LE VERGER,,49230,SEVREMOINE,01.21Z
392229787,3.92E+13,,,,,,,CD 93 BLD ST VINCENT,LA RENEZE,49400,VARRAINS,01.21Z
392266821,3.92E+13,,,,,,,L ECHASSERIE,,44330,VALLET,01.21Z
392269288,3.92E+13,,,,,15,RUE,DES COMBATTANTS EN AFN,,49380,BELLEVIGNE-EN-LAYON,01.21Z
392311239,3.92E+13,,,,,,,LA GUILLEMOCHERE,,44330,LA CHAPELLE-HEULIN,01.21Z
392358586,3.92E+13,,,,,208,ROUTE,DU CHATEAU DE LA COUR,VILLAGE DE BEAUREGARD,44330,MOUZILLON,01.21Z
392374708,3.92E+13,,,,,140,RUE,DE LA BISMARD,,49260,VAUDELNAY,01.21Z
392374765,3.92E+13,,,,,,RTE,DE DOUE,,49700,DOUE-EN-ANJOU,01.21Z
392650933,3.93E+13,,,,,,CHEMIN,DES RUETTES,,49400,SAUMUR,01.21Z
392717476,3.93E+13,,info@domainepierrechauvin.fr,02 41 78 32 76,,45,,GRANDE RUE,,49380,BELLEVIGNE-EN-LAYON,01.21Z
392907663,3.93E+13,,,,,,,CHAINTRE,,49400,SAUMUR,01.21Z
392913091,3.93E+13,,,02 40 36 22 50,,,,YSERON,,44330,VALLET,01.21Z
392915054,3.93E+13,,,,,5,RUE,DE LA TREMOILLE,CHATEAU MARIE DU FOU,85320,MAREUIL-SUR-LAY-DISSAIS,01.21Z
392946992,3.93E+13,,,02 40 33 94 44,,,,LES CHABOISSIERES,,44330,VALLET,01.21Z
393092911,3.93E+13,,,,,8,RUE,VALBRUN,,49730,PARNAY,01.21Z
393120910,3.93E+13,,,,,10,RUE,DE LâEGLISE,,49700,BROSSAY,01.21Z
393143201,3.93E+13,,,,,,,LA BELLE ANGEVINE,,49190,VAL-DU-LAYON,01.21Z
393178371,3.93E+13,,,,,,,CHATEAU DU PIMPEAN,BRISSAC QUINCE,49160,GENNES-VAL-DE-LOIRE,01.21Z
393306287,3.93E+13,,,02 40 06 40 95,,,,LA MASURE,,44430,LE LANDREAU,01.21Z
393412911,3.93E+13,lechat-et-fils.com,earl-lechat@orange.fr,02 40 33 94 77,,3,,LE BOIS HERAULT,,44330,VALLET,01.21Z
393662127,3.94E+13,,,,,,RUE,TRAVERSIERE,,49290,CHAUDEFONDS-SUR-LAYON,01.21Z
393725114,3.94E+13,,,,,,,LA MARTINIERE,,44330,MOUZILLON,01.21Z
393757000,3.94E+13,,,,,,,LES CORBEILLERES,,44330,VALLET,01.21Z
393851415,3.94E+13,,,,,,,BONNEZEAUX,,49380,BELLEVIGNE-EN-LAYON,01.21Z
393983200,3.94E+13,,,,,,,LA HALLIERE,,49270,OREE-D'ANJOU,01.21Z
393983424,3.94E+13,,,,,,,LES CAVES,,49260,VAUDELNAY,01.21Z
394014468,3.94E+13,,,02 40 54 83 91,,324,,LA BRETONNIERE,LA BRETONNIERE,44690,MAISDON-SUR-SEVRE,01.21Z
394014468,3.94E+13,,,02 40 54 83 91,,17,,LA BRETONNIERE,,44690,MAISDON-SUR-SEVRE,01.21Z
394021372,3.94E+13,vallon-des-perrieres.fr,vallondesperrieres@wanadoo.fr,02 40 54 09 24,,64,ROUTE,DE SAINT CRESPIN,,44190,CLISSON,01.21Z
394028369,3.94E+13,,,,,,,EMBREIL,,44450,SAINT-JULIEN-DE-CONCELLES,01.21Z
394173322,3.94E+13,,,,,,,L EPINAY,,44190,CLISSON,01.21Z
394221493,3.94E+13,,,,,,,LA MONTCELLIERE,TREMONT,49310,LYS-HAUT-LAYON,01.21Z
394224810,3.94E+13,,,,,,,LA BROSSE,,49290,CHAUDEFONDS-SUR-LAYON,01.21Z
394262588,3.94E+13,garniere.com,fleurance@garniere.com,02 41 70 40 25,,,,CLOS DE LA GARNIERE,,49230,SEVREMOINE,01.21Z
394606784,3.95E+13,chateaudetigne.com,chateaudetigne@wanadoo.fr,02 41 59 68 59,,,RUE,JEAN CARMET,CHATEAU DE TIGNE,49310,LYS-HAUT-LAYON,01.21Z
394735252,3.95E+13,,,,,,,LE PLESSIS,,85320,ROSNAY,01.21Z
394788038,3.95E+13,,,02 40 03 81 37,,,,LA MILSANDIERE,,44690,CHATEAU-THEBAUD,01.21Z
394947436,3.95E+13,,,,,38,RUE,DU PUY NOTRE DAME,,49700,DOUE-EN-ANJOU,01.21Z
394991459,3.95E+13,,,,,,,LE LANDREAU,SAINT LAMBERT DU LATTAY,49190,VAL-DU-LAYON,01.21Z
394991947,3.95E+13,,,,,6,RTE,DE SANZIERS,,49260,LE PUY-NOTRE-DAME,01.21Z
395025299,3.95E+13,,,,,,,LES BLEUCES,,49700,DOUE-EN-ANJOU,01.21Z
395088479,3.95E+13,,,,,,,LA PACQUETIERE,,44650,CORCOUE-SUR-LOGNE,01.21Z
395223993,3.95E+13,,,,,23,RUE,DE LA MAIRIE,MEIGNE,49700,DOUE-EN-ANJOU,01.21Z
397440082,3.97E+13,,,02 40 33 93 76,,,,LE BOIS BRAUD,,44330,VALLET,01.21Z
397514613,3.98E+13,,,,,3,PL,DE L'EGLISE,,49260,BELLEVIGNE-LES-CHATEAUX,01.21Z
397556978,3.98E+13,,,,,,,L'ESPERANCE,RABLAY SUR LAYON,49380,BELLEVIGNE-EN-LAYON,01.21Z
397628660,3.98E+13,,,,,,,BAS BRIACE,,44430,LANDREAU (LE),01.21Z
397643842,3.98E+13,muscadet-haut-planty.com,,,,,,LE HAUT PLANTY,,44430,LE LANDREAU,01.21Z
397731605,3.98E+13,,,,,,,,,44640,CHEIX-EN-RETZ,01.21Z
397817784,3.98E+13,,,02 40 33 82 19,,,,LA DURANDIERE,,44430,LOROUX-BOTTEREAU (LE),01.21Z
397918897,3.98E+13,domaine-genaudieres.fr,,02 40 25 40 27,,101,,LES GENAUDIERES,,44850,LE CELLIER,01.21Z
397981721,3.98E+13,,,,,2,,LE GAST,,44690,MAISDON-SUR-SEVRE,01.21Z
398088690,3.98E+13,,,,,,,LA LOGE,,49270,OREE-D'ANJOU,01.21Z
398146563,3.98E+13,,,,,,,LA CROIX,,49610,SAINT-MELAINE-SUR-AUBANCE,01.21Z
398223107,3.98E+13,,,,,,,SAINTE FOY,,49190,VAL-DU-LAYON,01.21Z
398286807,3.98E+13,,,,,,,CHEMIN DE LA ROUSSELLE,LA GRANDE ROUSSELLE,49170,SAVENNIERES,01.21Z
398512418,3.99E+13,,,,,,,LA BIGOTIERE,,44115,HAUTE-GOULAINE,01.21Z
398512418,3.99E+13,,,,,,,LA BRETONNERIE,,44690,LA HAIE-FOUASSIERE,46.34Z
398825059,3.99E+13,,,,,,,LE BOURG,,49700,TUFFALUN,01.21Z
398897363,3.99E+13,,,,,,,LA CHAMBAUDIERE,,44190,SAINT-LUMINE-DE-CLISSON,01.21Z
398942672,3.99E+13,,,,,3,,LE HAUT BANCHEREAU,,44190,GORGES,01.21Z
398990861,3.99E+13,gaecdenechaud.fr,contact@gaecdenechaud.fr,02 41 78 32 57,,4,RTE,DE BELLEVUE,,49190,VAL-DU-LAYON,01.21Z
399046002,3.99E+13,,,,,,,LA BOUVERIE,,49080,BOUCHEMAINE,01.21Z
399217421,3.99E+13,,contact@domainegadais.com,02 40 54 81 23,,,,LES PERRIERES,,44690,SAINT-FIACRE-SUR-MAINE,01.21Z
399252642,3.99E+13,chateau-de-la-cour.fr,chateaudelacour44@orange.fr,02 40 33 81 36,,,,LA COUR,LA COUR,44430,LE LANDREAU,01.21Z
399253228,3.99E+13,,,,,,,LES CORBEILLERES,,44330,VALLET,01.21Z
399299775,3.99E+13,,,,,,RTE,DE MESQUER,KER ALNO,44350,GUERANDE,46.34Z
399354034,3.99E+13,,,,,10,RUE,DU COLOMBIER,LINIERES,49700,DOUE-EN-ANJOU,01.21Z
399424332,3.99E+13,,,,,,,L'AURIERE,,85700,SEVREMONT,01.21Z
399430263,3.99E+13,,,,,,,PIERRE BISE,,49750,BEAULIEU-SUR-LAYON,01.21Z
399463140,3.99E+13,,,,,1,,LA GAGNERIE,,44450,SAINT-JULIEN-DE-CONCELLES,01.21Z
399480912,3.99E+13,,,,,32,RUE,DE LA MATRASSERIE,,44340,BOUGUENAIS,01.21Z
399511138,4.00E+13,,,,,,,LA RENOUERE,,44430,LE LANDREAU,01.21Z
399562180,4.00E+13,,,05 46 90 46 20,,,RUE,DE LA RIVIERE,,85160,SAINT-JEAN-DE-MONTS,46.34Z
399749399,4.00E+13,,,,,7,RUE,SAINT JEAN,,49700,DOUE-EN-ANJOU,01.21Z
399799519,4.00E+13,,patrick.lebas4@wanadoo.fr,,,,,LE CHATELIER,,44330,VALLET,01.21Z
400131827,4.00E+13,,,,,10,,LA POILANE,SAINT AUBIN DE LUIGNE,49190,VAL-DU-LAYON,01.21Z
400133260,4.00E+13,,,,,,,CHANTELOUP,,49380,TERRANJOU,01.21Z
400161733,4.00E+13,,,,,,,MERON,,49260,MONTREUIL BELLAY,01.21Z
400177861,4.00E+13,chateaudebellevue.fr,chateaubellevuetijou@orange.fr,02 41 78 33 11,,,,CHATEAU DE BELLEVUE,,49190,VAL-DU-LAYON,01.21Z
400205001,4.00E+13,le-comptoir-de-la-biere-lpa.fr,contact@comptoirdelabiere.net,02 52 33 10 88,LE COMPTOIR DE LA BIERE,2,RUE,NICOLAS SADI CARNOT,PA LE POINT DU JOUR BOUFFERE,85600,MONTAIGU-VENDEE,46.34Z
400236915,4.00E+13,,,02 41 54 30 26,,,LD,LA COUCHETIERE,,49380,TERRANJOU,01.21Z
400237855,4.00E+13,,,,,,,LE PELICAN,LA POMMERAYE,49110,MAUGES-SUR-LOIRE,01.21Z
400241170,4.00E+13,,,,,,,LA POUINIERE,,49270,OREE-D'ANJOU,01.21Z
400365045,4.00E+13,,,,,,,,,49260,BELLEVIGNE-LES-CHATEAUX,01.21Z
400433058,4.00E+13,sauveroy.fr,,02 41 78 30 59,,,,DOMAINE DU SAUVEROY,,49190,VAL-DU-LAYON,01.21Z
400434783,4.00E+13,,,,,,,LA MARMIGNONNIERE,,49270,OREE-D'ANJOU,01.21Z
400435483,4.00E+13,,,,,,,LA BOUINIERE,,49110,MONTREVAULT-SUR-EVRE,01.21Z
400454500,4.00E+13,,,,,22,RUE,DE LA MAIRIE,,49700,BROSSAY,01.21Z
400480398,4.00E+13,,,,,24,,LE PETIT FRETY,,44860,PONT-SAINT-MARTIN,01.21Z
400600029,4.01E+13,,,,,,,ST VINCENT,,44521,OUDON,01.21Z
400600110,4.01E+13,,,,,,,LA PORTRICHE,,44370,MONTRELAIS,01.21Z
400600557,4.01E+13,,,,,,,LES GRANGES,,44330,VALLET,01.21Z
400741427,4.01E+13,,,,,,,LA BOTINIERE,,44330,VALLET,01.21Z
400741641,4.01E+13,,,,,11,ROUTE,D'ANCENIS,,44330,MOUZILLON,01.21Z
400741781,4.01E+13,mairie-laregrippiere.fr,contact@mairie-laregrippiere.fr,02 40 33 63 14,,,,LA ROUSSIERE,,44330,LA REGRIPPIERE,01.21Z
400742649,4.01E+13,,,,,,,LE PE DE SEVRE,,44330,LE PALLET,01.21Z
400825030,4.01E+13,,,02 40 36 13 19,,,,LES BEILLARDS,,44190,GORGES,01.21Z
400847596,4.01E+13,,,,,21,AVENUE,DU FIEF DES POMMIERS,,44190,CLISSON,01.21Z
400897021,4.01E+13,,,,,,,LA PELTANCHERIE,,44450,SAINT-JULIEN-DE-CONCELLES,01.21Z
401236294,4.01E+13,,,,,,,LE VAUX GERMAIN,,72340,CHAHAIGNES,01.21Z
401429824,4.01E+13,,,,,,,LA PETITE TRANCHAIS,,44330,LA REGRIPPIERE,01.21Z
401482872,4.01E+13,,,02 40 65 43 96,,,,LA BARCALAIS,,44830,BOUAYE,01.21Z
401516398,4.02E+13,,,,,235,RUE,DES CAVES,OIRE,49260,VAUDELNAY,46.34Z
401602925,4.02E+13,,,,,,,LE BOURG,,44690,CHATEAU-THEBAUD,01.21Z
401623830,4.02E+13,,,,,,,LA CHAUSSERIE,,44710,SAINT-LEGER-LES-VIGNES,01.21Z
401650247,4.02E+13,domainelemont.fr,clauderobin@domainelemont.fr,02 41 54 31 41,,64,RUE,DES MONTS,,49380,BELLEVIGNE-EN-LAYON,01.21Z
401714662,4.02E+13,,,,,2,RUE,DES MAISONS BLANCHES,MILLE - CHAVAGNES,49380,TERRANJOU,46.34Z
401770524,4.02E+13,,,02 40 03 71 55,,71,,LE PERRON,,44430,LE LOROUX-BOTTEREAU,01.21Z
401771787,4.02E+13,,,02 40 33 82 50,,,,LA POTARDIERE,,44430,LE LOROUX-BOTTEREAU,01.21Z
401899984,4.02E+13,,,,,,RUE,GASTON BOURMAUD,,85220,LANDEVIEILLE,01.21Z
401976220,4.02E+13,,,,,,,ZONE INDUSTRIELLE EUROPE CHAMPAG,,49260,MONTREUIL-BELLAY,01.21Z
401976220,4.02E+13,,,,,12,RUE,DE LA ROCHE COUTANT,TIGNE,49310,LYS-HAUT-LAYON,01.21Z
402077630,4.02E+13,,,,,3,RUE,DâANJOU,,44330,LA REGRIPPIERE,01.21Z
402110100,4.02E+13,,,,,1,,LA GUIMARDIERE,FAVERAYE MACHELLES,49380,BELLEVIGNE-EN-LAYON,01.21Z
402382261,4.02E+13,,,,,,,LUSIGNAN,,44430,LE LOROUX-BOTTEREAU,01.21Z
402521678,4.03E+13,,,,,26,RUE,DE LA CHAPELLE,MESSEME,49260,VAUDELNAY,01.21Z
402529903,4.03E+13,,,,,3,RUE,SAINT FIACRE,,49310,LYS-HAUT-LAYON,01.21Z
402645741,4.03E+13,,,,,,,LâAUDIGERE,,44330,VALLET,01.21Z
402818025,4.03E+13,,,,,,,LE CLOS DES FORGES,,49190,VAL-DU-LAYON,01.21Z
402993513,4.03E+13,,,,GS CONSEILS,1,LD,LA BRETAUDIERE,MEIGNE,49700,DOUE-EN-ANJOU,01.21Z
403035819,4.03E+13,,espace-terrena@terrena.fr,02 40 96 16 20,GAMM VERT VILLAGE,,RUE,DE L HOMMEAU,SAINT MARTIN DU BOIS,49500,SEGRE-EN-ANJOU BLEU,46.34Z
403035819,4.03E+13,,espace-terrena@terrena.fr,02 40 96 16 20,GAMM VERT VILLAGE,,ROUTE,DâANGERS,,49370,SAINT-CLEMENT-DE-LA-PLACE,46.34Z
403035819,4.03E+13,,espace-terrena@terrena.fr,02 40 96 16 20,GAMM VERT,,,LA PEYENNIERE,ZI DES PEYENNIERES,53100,MAYENNE,46.34Z
403035819,4.03E+13,,espace-terrena@terrena.fr,02 40 96 16 20,GAMM VERT VILLAGE,,RTE,DE SABLE,,53200,CHATEAU-GONTIER-SUR-MAYENNE,46.34Z
403035819,4.03E+13,,espace-terrena@terrena.fr,02 40 96 16 20,GAMM VERT,,,ZA NORMANDIE MAINE,LE GRAND CLOS,53140,PRE-EN-PAIL-SAINT-SAMSON,46.34Z
403206782,4.03E+13,,,,,60,CHEMIN,DE HAUTE PERCHE,,49610,SAINT-MELAINE-SUR-AUBANCE,01.21Z
403218415,4.03E+13,,,02 40 98 11 22,,,,LA VASINIERE,,49270,OREE-D'ANJOU,01.21Z
403228257,4.03E+13,,,,,30,,LA BIGOTIERE,,44690,MAISDON-SUR-SEVRE,01.21Z
403474968,4.03E+13,,,02 40 78 84 40,,6,,LA HAIE HANGEBAUD,,44310,SAINT-PHILBERT-DE-GRAND-LIEU,01.21Z
403550775,4.04E+13,,,,,,,LA MAISONNETTE,,49230,SEVREMOINE,01.21Z
403552151,4.04E+13,,contact@le-cellier-bio.fr,02 41 57 95 42,,17,CHE,DU HAUT PLESSIS,SAINT GEORGES DES SEPT VOIES,49160,GENNES-VAL-DE-LOIRE,46.34Z
403648918,4.04E+13,,,,,,RUE,DE L'ESPERANCE,,72310,VANCE,01.21Z
403714496,4.04E+13,,,,,,,CHATEAU ROCHE AUX MOINES,,49170,SAVENNIERES,01.21Z
403754203,4.04E+13,domaine-ete.fr,contact@domaine-ete.fr,02 41 59 11 63,,30,RTE,D ARGENTON CHATEAU,LES VERCHERS SUR LAYON,49700,DOUE-EN-ANJOU,01.21Z
403772700,4.04E+13,,,,,,,LES QUINCONCES,,44330,VALLET,01.21Z
403839343,4.04E+13,,,,,,,LA LANDELLE,,44430,LE LOROUX-BOTTEREAU,01.21Z
404136525,4.04E+13,,,,,,ALL,SAINT VINCENT,DOMAINE SAINT VINCENT,49400,SAUMUR,01.21Z
404167926,4.04E+13,domainedelamongeais.fr,gaec-desnouhes@wanadoo.fr,,,78,RUE,DES CAVES,LE VAUDELNAY,49260,VAUDELNAY,01.21Z
404195547,4.04E+13,,,,,18,ALL,DES EGLANTINES,LE PLESSIS,49190,VAL-DU-LAYON,01.21Z
404574063,4.05E+13,,,,,,,LE MARAIS,,49270,OREE-D'ANJOU,01.21Z
404907891,4.05E+13,,,,,6,RUE,DES FOSSES,,49730,TURQUANT,01.21Z
405131764,4.05E+13,,,,,10,RUE,DE LâEGLISE,,49700,BROSSAY,01.21Z
405245374,4.05E+13,,,02 40 78 75 37,,20,,LES BRETAUDIERES,,44310,SAINT-PHILBERT-DE-GRAND-LIEU,01.21Z
405245614,4.05E+13,,,,,,,LES LOGES,,49270,OREE-D'ANJOU,01.21Z
405333246,4.05E+13,,,,,,,FOYE,,49310,LYS-HAUT-LAYON,01.21Z
405362971,4.05E+13,,,02 51 34 51 17,,,,LA GRANDE VILLENEUVE,,85670,SAINT-ETIENNE-DU-BOIS,01.21Z
407560960,4.08E+13,producteur-vins-vendee.fr,,02 51 22 10 89,,1431,AVENUE,DE L'ATLANTIQUE,LA CLEMENTINE,85440,TALMONT-SAINT-HILAIRE,01.21Z
407661255,4.08E+13,,,,,,,LES BAS SAUVINS,,49190,VAL-DU-LAYON,01.21Z
407715648,4.08E+13,,,,,,,LE BIGNON,,53800,CONGRIER,01.21Z
408016335,4.08E+13,,,,,9,RUE,DE LA BASSE VINCEE,,44860,PONT-SAINT-MARTIN,01.21Z
408224871,4.08E+13,,,,,75,RUE,DE GRAND MAISON,,49260,COURCHAMPS,01.21Z
408551810,4.09E+13,domaine.les.coins.online.fr,,02 40 05 95 95,,,,GROSSEVE,,44650,CORCOUE-SUR-LOGNE,01.21Z
408580900,4.09E+13,,,,,,,BEGROLLE,,44690,HAIE-FOUASSIERE (LA),01.21Z
408608073,4.09E+13,,,,,,,LA BAUDOUINIERE,,44430,LE LOROUX-BOTTEREAU,01.21Z
408750214,4.09E+13,,,,,,,BEAUREGARD,,49110,MONTREVAULT-SUR-EVRE,01.21Z
408750503,4.09E+13,,,,,28,RUE,DU COUDRAY BRON,,49260,LE COUDRAY-MACOUARD,01.21Z
408762706,4.09E+13,,,,,,,LE BROCHET,,44330,VALLET,01.21Z
408762730,4.09E+13,,,,,,,LA MASURE,,44430,LE LANDREAU,01.21Z
408763407,4.09E+13,,,,,,,LA COLLINE,,49230,SEVREMOINE,01.21Z
408763506,4.09E+13,savennieres-closel.com,contact@savennieres-closel.com,02 41 72 81 00,,1,PLACE,DU MAIL,CHATEAU DES VAULTS,49170,SAVENNIERES,01.21Z
408935054,4.09E+13,,,,,,RTE,DU LANDREAU,,44430,LE LOROUX-BOTTEREAU,01.21Z
409057817,4.09E+13,,,,,,,LES NOUES,,44430,LE LOROUX-BOTTEREAU,01.21Z
409254463,4.09E+13,,,,,,,LA PETITE PLACELIERE,,44690,CHATEAU-THEBAUD,01.21Z
409372778,4.09E+13,,,,,,,L AUBERDIERE,,44450,DIVATTE-SUR-LOIRE,01.21Z
409459468,4.09E+13,,,,,,,LA CHAMBAUDIERE,,44190,SAINT-LUMINE-DE-CLISSON,01.21Z
409492808,4.09E+13,,,,,,,,,49730,TURQUANT,01.21Z
409594884,4.10E+13,,,,,23,RUE,CRISTAL,,49730,PARNAY,01.21Z
409603396,4.10E+13,domainechancelle.sitew.org,,02 41 38 11 83,,27,RUE,DES MARTYRS,,49730,TURQUANT,01.21Z
409603479,4.10E+13,,,,,,,CHATEAU DE LA COLETTE,,49120,CHEMILLE-EN-ANJOU,01.21Z
409742780,4.10E+13,,,,,6,RUE,DES FOSSES,,49730,TURQUANT,01.21Z
409912813,4.10E+13,,,,,,,ST JOSEPH,,49270,OREE-D'ANJOU,01.21Z
409976768,4.10E+13,,,,,3,IMPASSE,DU CABERNET,MOLLAY,49260,SAINT-JUST-SUR-DIVE,01.21Z
410033153,4.10E+13,,,,,,LD,LE CLOS DE LA TOUR,,49540,AUBIGNE-SUR-LAYON,01.21Z
410044184,4.10E+13,,,,,13,RUE,MONTREUIL FOSSE BELLAY,,49700,CIZAY-LA-MADELEINE,01.21Z
410046023,4.10E+13,,,,,1,ALL,DES VIOLETTES,,49310,LYS-HAUT-LAYON,01.21Z
410066740,4.10E+13,,,,,,,LES RUAUX,,49700,DOUE-EN-ANJOU,01.21Z
410076442,4.10E+13,,,,,9,RUE,DU CHATEAU,,44115,HAUTE-GOULAINE,01.21Z
410165955,4.10E+13,,,,,1,CHEMIN,DE L'EPINE,,49730,TURQUANT,01.21Z
410166144,4.10E+13,,,,,4,RUE,DES CAILLOUX,,49730,TURQUANT,01.21Z
410168561,4.10E+13,,,,,,,LE GUINCHEREAU,,49560,PASSAVANT-SUR-LAYON,01.21Z
410174619,4.10E+13,,,,,,,L ECHASSERIE,,44330,VALLET,01.21Z
410219778,4.10E+13,chateauyvonne.zzzkaroline.com,,02 41 67 41 29,,16,RUE,CRISTAL,,49730,PARNAY,01.21Z
410228662,4.10E+13,domaine-des-fontaines.fr,domainedesfontaines@outlook.com,02 41 54 32 30,,303,,LES NOUES,THOUARCE,49380,BELLEVIGNE-EN-LAYON,01.21Z
410254288,4.10E+13,,,,,660,RUE,DES CLOS,,49260,COURCHAMPS,01.21Z
410410674,4.10E+13,chateauprince.fr,bureau@chateauprince.fr,02 41 54 07 79,,1,CHEMIN,DE PRINCE,LE PETIT PRINCE,49610,SAINT-MELAINE-SUR-AUBANCE,01.21Z
410448492,4.10E+13,domaine-ete.com,domainedelete49@orange.fr,02 41 59 11 63,,,LD,L ETE,,49700,DOUE-EN-ANJOU,01.21Z
410577803,4.11E+13,,,,,9,RUE,DES COUTURES,,49310,LYS-HAUT-LAYON,01.21Z
410607683,4.11E+13,,,,,2,RUE,DU STADE,,49290,CHAUDEFONDS-SUR-LAYON,01.21Z
410629596,4.11E+13,viticulteur-gael-crochet.fr,gael.crochet@wanadoo.fr,02 51 20 17 90,,,,LA MIGNOTIERE,CHEMIN DU PUITS CHAUD,85470,BREM-SUR-MER,01.21Z
410891634,4.11E+13,,,,,43,RUE,DU MARECHAL LECLERC,,49430,DURTAL,01.21Z
411005234,4.11E+13,,,,,,LD,LA RAGUENIERE,11 RTE DE NOIZE,49700,DOUE-EN-ANJOU,01.21Z
411132475,4.11E+13,domaine-david.fr,domainedavid@orange.fr,02 40 36 42 88,,19,,LE LANDREAU VILLAGE,,44330,VALLET,01.21Z
411405087,4.11E+13,,,02 40 54 13 13,,46,,LA CHESNAIE,,44450,SAINT-JULIEN-DE-CONCELLES,01.21Z
411405186,4.11E+13,gaecdelaferte.fr,gaecdelaferte@orange.fr,,,,,LA FERTE,,44330,VALLET,01.21Z
411438849,4.11E+13,,,,,,,BEAUREGARD,,44330,MOUZILLON,01.21Z
411636715,4.12E+13,,,,,15,IMPASSE,DU COLVERT,CLOS DU BOURGT,85690,NOTRE-DAME-DE-MONTS,01.21Z
411649692,4.12E+13,domaine-de-la-soucherie.fr,vino@elated-themes.com,02 41 78 31 18,,,,LA SOUCHERIE,,49750,BEAULIEU-SUR-LAYON,01.21Z
411686074,4.12E+13,,,,SAS PIERRE LUNEAU-PAPIN,23,RUE,DES CHAIS,LA GRANGE,44430,LE LANDREAU,46.34Z
411712821,4.12E+13,,,,,41,ROUTE,DES SABLES,,85470,BREM-SUR-MER,01.21Z
411719024,4.12E+13,,,,,,,LA BOUILLEE,,85320,MOUTIERS-SUR-LE-LAY,01.21Z
411838857,4.12E+13,,,,,,,LA CROIX OLIVIER,,85440,POIROUX,01.21Z
411877798,4.12E+13,,,,,,,LA VIONDIERE,,49300,CHOLET,01.21Z
411920648,4.12E+13,,,,,,,LES CLOSSERONS,,49380,BELLEVIGNE-EN-LAYON,01.21Z
412129637,4.12E+13,,,,,331,RUE,DE CHANTELOUP,,49260,VAUDELNAY,01.21Z
412186025,4.12E+13,,,,,5,RUE,DES PERRIERES,,49700,LES ULMES,01.21Z
412209801,4.12E+13,,,,,,,LE MOULIN DE LA TABARIERE,,85320,LA COUTURE,01.21Z
412297434,4.12E+13,,,,,,,PE BARDOU,,44430,LE LOROUX-BOTTEREAU,01.21Z
412298218,4.12E+13,,,,,,,LA CHATELIERE,,44320,SAINT-PERE-EN-RETZ,01.21Z
412298572,4.12E+13,,,,,,,LA VALTIERE,,44270,PAULX,01.21Z
412298903,4.12E+13,,,,,,,LE BOIS JOLI,,44690,CHATEAU-THEBAUD,01.21Z
412300741,4.12E+13,,,,,,,LA MARE,,44330,LE PALLET,01.21Z
412300774,4.12E+13,,,,,,,LâAURIERE,,44330,LA CHAPELLE-HEULIN,01.21Z
412302218,4.12E+13,,,,,37,,LA MORANDIERE,,44330,MOUZILLON,01.21Z
412302796,4.12E+13,,,,,,,LA GROISONNERIE,,44860,SAINT-AIGNAN-GRANDLIEU,01.21Z
412303596,4.12E+13,,,,,14,RUE,C GUILBAUD,,44330,MOUZILLON,01.21Z
412306987,4.12E+13,,,,,,,LES PLESSES,,44430,LANDREAU (LE),01.21Z
412307258,4.12E+13,,,,,,,LE GRAND MAUBUSSON,,44680,SAINT-HILAIRE-DE-CHALEONS,01.21Z
412311318,4.12E+13,,,,,,,LA GAUBERTIERE,,44190,GORGES,01.21Z
412311326,4.12E+13,,,,,,,LE CHATELIER,,44330,VALLET,01.21Z
412313082,4.12E+13,,,02 40 26 74 36,,,,MALABRIT,,44860,PONT-SAINT-MARTIN,01.21Z
412313264,4.12E+13,,,,,,,LA BLISSIERE,,44430,LE LANDREAU,01.21Z
412313892,4.12E+13,,,,,,,GAUCHER,,44450,DIVATTE-SUR-LOIRE,01.21Z
412314205,4.12E+13,,,,,,,LA PORCHETIERE,,44330,LA REGRIPPIERE,01.21Z
412315483,4.12E+13,,,,,,,LA HAUTE SANGLERE,,44450,DIVATTE-SUR-LOIRE,01.21Z
412316648,4.12E+13,,,,,,,LA DIXNERIE,,44430,LE LOROUX-BOTTEREAU,01.21Z
412316705,4.12E+13,,,02 40 05 88 19,,,,LE PAY RICHEREAU,,44310,SAINT-COLOMBAN,01.21Z
412317216,4.12E+13,,,,,36,RUE,ARISTIDE BRIAND,,44330,LA CHAPELLE-HEULIN,01.21Z
412317240,4.12E+13,,,,,5,RUE,DES MAUGES,,49110,MONTREVAULT-SUR-EVRE,01.21Z
412322075,4.12E+13,,,,,,,LA MENARDIERE,,44330,VALLET,01.21Z
412348286,4.12E+13,,,02 40 36 23 84,,,,LA PARENTIERE,,44330,VALLET,01.21Z
412353906,4.12E+13,,,,,,,LES CREUSETTES,,44330,VALLET,01.21Z
412514648,4.13E+13,,,,,20,RUE,DU BON REPOS,,49190,VAL-DU-LAYON,01.21Z
412545766,4.13E+13,,,,,,,LA HARTEMPIED,,72300,JUIGNE-SUR-SARTHE,01.21Z
412545766,4.13E+13,,,,,,,LA FRAZELIERE,,72300,JUIGNE-SUR-SARTHE,01.21Z
412793945,4.13E+13,,,,,13,,VALLET,FAYE D ANJOU,49380,BELLEVIGNE-EN-LAYON,01.21Z
412803512,4.13E+13,,,,,,,LA LEVRAUDERIE,,44330,MOUZILLON,01.21Z
412847204,4.13E+13,,,,,115,RUE,DE BELLEVUE LA HOUSSAYE,VAUCHRETIEN,49250,BRISSAC LOIRE AUBANCE,01.21Z
412944019,4.13E+13,,,,,,,LA CORBEILLE,,85300,SOULLANS,01.21Z
412949539,4.13E+13,,,02 51 90 56 84,,,RUE,DE LA CHAIZE,,85470,BREM-SUR-MER,01.21Z
412950826,4.13E+13,,,,,,,LA BAFFARDIERE,,85540,LE CHAMP-SAINT-PERE,01.21Z
412951386,4.13E+13,,,,,10,RUE,DE L'OCEAN,LE BOURG ST MARTIN,85470,BREM-SUR-MER,01.21Z
412951642,4.13E+13,,,,,3,RUE,SAINT-NICOLAS,,85470,BREM-SUR-MER,01.21Z
413036989,4.13E+13,,,,,,,LE GIRARD,,49110,BEAUPREAU-EN-MAUGES,01.21Z
413037540,4.13E+13,,,,,,,MONTACHINON,,49250,BEAUFORT-EN-ANJOU,01.21Z
413037599,4.13E+13,,,,,,,BREUIL,,49750,BEAULIEU-SUR-LAYON,01.21Z
413037995,4.13E+13,,,,,,,FREDELIN,,49320,BLAISON-SAINT-SULPICE,01.21Z
413038829,4.13E+13,,,,,,,LINIERES,,49700,DOUE-EN-ANJOU,01.21Z
413039124,4.13E+13,,,,,,,LE PONTREAU,,49310,CERNUSSON,01.21Z
413039959,4.13E+13,,,,,,,LA GRANDE GIRAUDIERE,,49120,CHEMILLE-EN-ANJOU,01.21Z
413040437,4.13E+13,,,,,,,BASSE GUERCHE,,49290,CHAUDEFONDS-SUR-LAYON,01.21Z
413040676,4.13E+13,,,,,,,MILLE,,49380,TERRANJOU,01.21Z
413040700,4.13E+13,,,,,,,MILLE,,49380,TERRANJOU,01.21Z
413040783,4.13E+13,,,,,,,LA BARRIERE,,49420,OMBREE D'ANJOU,01.21Z
413041021,4.13E+13,,,,,,,PLAISANCE,,49120,CHEMILLE-EN-ANJOU,01.21Z
413041229,4.13E+13,,,,,,,LE PARC,,49150,BAUGE-EN-ANJOU,01.21Z
413041724,4.13E+13,,,,,,,LA BIETTIERE,,49370,VAL D'ERDRE-AUXENCE,01.21Z
413041856,4.13E+13,,,,,311,RUE,DE L'IMAGE,,49260,COURCHAMPS,01.21Z
413041880,4.13E+13,,,,,2,IMP,DU BOURG,,49250,BRISSAC LOIRE AUBANCE,01.21Z
413042557,4.13E+13,,,,,,,N0IZE,,49380,BELLEVIGNE-EN-LAYON,01.21Z
413042672,4.13E+13,,,,,,,LA CASSE,,49380,BELLEVIGNE-EN-LAYON,01.21Z
413042698,4.13E+13,,,,,,,MONTBENAULT,CH DE LA BERIOTTERIE,49380,BELLEVIGNE-EN-LAYON,01.21Z
413043332,4.13E+13,,,,,,,CABANE,,49110,MONTREVAULT-SUR-EVRE,01.21Z
413044553,4.13E+13,,,,,10,CHE,DE CHASLE,,49320,LES GARENNES SUR LOIRE,01.21Z
413044843,4.13E+13,,,,,,,LA BERJOTTERIE,,49220,LE LION D'ANGERS,01.21Z
413045261,4.13E+13,,,,,,,LA MORNAIS,,49370,VAL D'ERDRE-AUXENCE,01.21Z
413045303,4.13E+13,,,,,,,LA PAVIOTAIE,,49370,VAL D'ERDRE-AUXENCE,01.21Z
413046129,4.13E+13,,,,,,,BASSES T0UCHES,,49140,MAZE-MILON,01.21Z
413046442,4.13E+13,,,,,,,CARROIS,,49390,NOYANT-VILLAGES,01.21Z
413047309,4.13E+13,,,,,,PAS,PAS BREGEON,,49390,MOULIHERNE,01.21Z
413047663,4.13E+13,,,,,,,PETIT ST JEAN,,49390,NOYANT-VILLAGES,01.21Z
413048091,4.13E+13,,,,,,,LA GLONIERE,,49220,LONGUENEE-EN-ANJOU,01.21Z
413048265,4.13E+13,,,,,5,RUE,DU DR RENOU,,49110,MAUGES-SUR-LOIRE,01.21Z
413048331,4.13E+13,,,,,,RTE,DE JUIGNE,LES GRANDES PLAINES,49130,LES PONTS DE CE,01.21Z
413048869,4.13E+13,,,,,,LD,LA BONDUSSIERE,,49230,SEVREMOINE,01.21Z
413049263,4.13E+13,,,,,,,CHAMP DU RETAIL,,49230,SEVREMOINE,01.21Z
413049289,4.13E+13,,,,,,,LES BARRES,,49190,VAL-DU-LAYON,01.21Z
413049792,4.13E+13,,,,,,,BOIS TRAVERS,,49370,SAINT-CLEMENT-DE-LA-PLACE,01.21Z
413050469,4.13E+13,,,,,,,LES PETITS MAUNITS,,49320,LES GARENNES SUR LOIRE,01.21Z
413050485,4.13E+13,,,,,13,ALL,DES MYOSOTIS,,49190,VAL-DU-LAYON,01.21Z
413050493,4.13E+13,,,,,3,CHE,DU MOULIN,LES GRANDES TAILLES,49190,VAL-DU-LAYON,01.21Z
413051574,4.13E+13,,,,,,,LA GAIGNARDIERE,,49250,BRISSAC LOIRE AUBANCE,01.21Z
413051616,4.13E+13,,,,,,,LA GAIGNARDIERE,,49250,BRISSAC LOIRE AUBANCE,01.21Z
413052036,4.13E+13,,,,,3,RUE,DU HALLAY,,49170,SAVENNIERES,01.21Z
413052507,4.13E+13,,,,,,,BONNEZEAUX,,49380,BELLEVIGNE-EN-LAYON,01.21Z
413052648,4.13E+13,,,,,,,BOURG,,49310,LYS-HAUT-LAYON,01.21Z
413052655,4.13E+13,,,,,,LD,LA GUIMBRETIERE,,49230,SEVREMOINE,01.21Z
413052663,4.13E+13,,,,,,,LA CALTIERE,,49230,SEVREMOINE,01.21Z
413053208,4.13E+13,,,,,18,RUE,PRINCIPALE,,49250,BRISSAC LOIRE AUBANCE,01.21Z
413086133,4.13E+13,,,,,41,RUE,THEOPHILE VAUGOUIN,SAINT HILAIRE SAINT FLOREN,49400,SAUMUR,01.21Z
413114463,4.13E+13,,closmaurice@orange.fr,02 41 38 80 02,,18,RUE,DE LA MAIRIE,,49400,VARRAINS,01.21Z
413149253,4.13E+13,vignobledrouard.com,contact@vignobledrouard.com,,,4,,LA NOE,,44690,CHATEAU-THEBAUD,01.21Z
413186677,4.13E+13,,,,,,,LUCET,,49310,LYS-HAUT-LAYON,01.21Z
413193517,4.13E+13,,,,,,,LE MOULIN GIRON,LIRE,49270,OREE-D'ANJOU,01.21Z
413215963,4.13E+13,,,02 40 36 23 18,,,,LES CROIX,,44330,VALLET,01.21Z
413298571,4.13E+13,,,,,76,RUE,DU TAILLIS LA GULOLIERE,LA VARENNE,49270,OREE-D'ANJOU,01.21Z
413333550,4.13E+13,,,,,,,LE BOURBIER,,72800,AUBIGNE RACAN,01.21Z
413335761,4.13E+13,,,,,,,MONTBROSSE,,72300,LA CHAPELLE-D'ALIGNE,01.21Z
413337981,4.13E+13,,,,,,,LE BOURG,,72500,DISSAY-SOUS-COURCILLON,01.21Z
413339748,4.13E+13,,,,,,,LE PERRAY,,72340,LHOMME,01.21Z
413340472,4.13E+13,,,,,,,LA CHARTRIE,,72800,LE LUDE,01.21Z
413341983,4.13E+13,,,,,,,LE VEAU,,72120,MONTAILLE,01.21Z
413344979,4.13E+13,,,,,,,LE HOUX,,72310,LOIR EN VALLEE,01.21Z
413346966,4.13E+13,,,,,,,LES GRANDES LANDES,,72500,SAINT-PIERRE-DE-CHEVILLE,01.21Z
413370636,4.13E+13,,,,,,,LA RENOUERE,,44430,LE LANDREAU,01.21Z
413474396,4.13E+13,,,,,,,LE MOULIN,,44670,LA CHAPELLE-GLAIN,01.21Z
413527714,4.14E+13,,,,,36,RUE,S TREBUCHET,,44690,SAINT-FIACRE-SUR-MAINE,01.21Z
413527821,4.14E+13,,,,,,,LA DONNARDERIE,,44710,PORT-SAINT-PERE,01.21Z
413528027,4.14E+13,,,,,,,LA COGNARDIERE,,44330,PALLET (LE),01.21Z
413528159,4.14E+13,,,,,,,LES ROSEAUX,,44330,VALLET,01.21Z
413528928,4.14E+13,,,,,1,RUE,LA GAROTTERIE,,44860,PONT-SAINT-MARTIN,01.21Z
413530262,4.14E+13,,,,,5,PLACE,DES PECHEURS,L ETIER,44830,BOUAYE,01.21Z
413530270,4.14E+13,derwurstgrosshandel.de,info@derwurstgrosshandel.de,,,,,LE CHATELIER,,44430,LE LANDREAU,01.21Z
413530312,4.14E+13,,,,,58,RUE,DES SABLES D OLONNE,,44860,PONT-SAINT-MARTIN,01.21Z
413530460,4.14E+13,,,,,,,L ORCELIERE,,44430,LE LOROUX-BOTTEREAU,01.21Z
413531997,4.14E+13,,,,,,,VAIR,,44150,VAIR-SUR-LOIRE,01.21Z
413532037,4.14E+13,,,,,,,BELLE VUE,,44650,CORCOUE-SUR-LOGNE,01.21Z
413532128,4.14E+13,,,,,,,LA BRIE,,44190,GORGES,01.21Z
413532623,4.14E+13,,,,,,,LA BISCOURIE,,44330,MOUZILLON,01.21Z
413532672,4.14E+13,,,,,,,LE BREUILLET,,44450,SAINT-JULIEN-DE-CONCELLES,01.21Z
413533837,4.14E+13,,,,,,,LA GIRAUDIERE,,44430,LE LANDREAU,01.21Z
413534132,4.14E+13,,,,,,,LA BLISSIERE,,44430,LE LANDREAU,01.21Z
413536194,4.14E+13,,,,,,,LE BAS PLANTY,,44430,LE LANDREAU,01.21Z
413537184,4.14E+13,,,,,,,CHAMPOINET,,44330,MOUZILLON,01.21Z
413537309,4.14E+13,,,,,,,LA ROCHE,,44430,LE LOROUX-BOTTEREAU,01.21Z
413537580,4.14E+13,,,02 40 06 41 10,,3,RUE,THEARD,,44430,LE LANDREAU,01.21Z
413537655,4.14E+13,,,,,,,LA POTIRONNIERE,,44640,ROUANS,01.21Z
413537671,4.14E+13,,,,,,,LE PAY,,44190,SAINT-LUMINE-DE-CLISSON,01.21Z
413537895,4.14E+13,,,,,,,LA GANOLIERE,,44190,GORGES,01.21Z
413537952,4.14E+13,,,,,,,MOILLAUCHERIE,,44310,SAINT-PHILBERT-DE-GRAND-LIEU,01.21Z
413537994,4.14E+13,,,,,,,LES POTERIES,,44115,HAUTE-GOULAINE,01.21Z
413538810,4.14E+13,,,,,,,,,44690,MONNIERES,01.21Z
413539289,4.14E+13,,,,,,LD,LES MORTIERS,,44190,GORGES,01.21Z
413539800,4.14E+13,,,,,,,LES BAS MORTIERS,,44190,GORGES,01.21Z
413540170,4.14E+13,,,,,26,RUE,DE LA VENDEE,,44190,SAINT-LUMINE-DE-CLISSON,01.21Z
413540337,4.14E+13,,,,,,,L'ETANG NEUF,,44390,SAFFRE,01.21Z
413541368,4.14E+13,,,,,45,RUE,DU ROLLY,,44340,BOUGUENAIS,01.21Z
413541731,4.14E+13,,,,,17,RUE,DES TEMPLIERS,,44330,LE PALLET,01.21Z
413542721,4.14E+13,,,,,,,LA BOURCHINIERE,,44690,SAINT-FIACRE-SUR-MAINE,01.21Z
413566738,4.14E+13,,,02 41 59 24 85,,19,RUE,DES VIGNERONS,VILLAGE DE MALIGNE,49380,TERRANJOU,01.21Z
413679960,4.14E+13,domaine-du-moulin-casse.com,,02 40 26 63 80,,,,LA BRETONNIERE,,44650,LEGE,01.21Z
413719717,4.14E+13,,,,,1,IMPASSE,DES GRANDS DORMANTS,DOUVY,49260,EPIEDS,01.21Z
413753047,4.14E+13,,,,,6,CHE,DE RIMONDAN BRON,,49260,LE COUDRAY-MACOUARD,01.21Z
413806258,4.14E+13,,,,,7,RUE,DE PREUIL,,49310,LYS-HAUT-LAYON,01.21Z
413887084,4.14E+13,,,,,,,PESCHESEUL,MME D'AMECOURT,72430,AVOISE,01.21Z
414238238,4.14E+13,,,02 40 06 64 75,,203,,LA POUZINIERE,,44190,SAINT-LUMINE-DE-CLISSON,01.21Z
414292433,4.14E+13,,,02 41 59 22 53,,2,CHE,DE LA FABRICE,MEIGNE,49700,DOUE-EN-ANJOU,01.21Z
414342667,4.14E+13,,,,,,ROUTE,DE L'ADEZIERE,,49240,AVRILLE,01.21Z
414427906,4.14E+13,,,,,,,LA REBUNIERE,,44330,VALLET,01.21Z
414444950,4.14E+13,,,,,,,LES SAUVIONNIERES,,44330,VALLET,01.21Z
414445817,4.14E+13,,,,,,,LA LOUEE,,44120,VERTOU,01.21Z
414450338,4.14E+13,,,,,,,HTE GIRONNIERE,,49110,MAUGES-SUR-LOIRE,01.21Z
414451161,4.14E+13,,,,,2,RUE,DE LA CHARPENTERIE,,49140,CORNILLE-LES-CAVES,01.21Z
414451716,4.14E+13,,,,,,,,,44430,LE LANDREAU,01.21Z
414451831,4.14E+13,,,,,,RUE,ST VINCENT,,49380,BELLEVIGNE-EN-LAYON,01.21Z
414451864,4.14E+13,,,,,,,LA TOUCHE,,49380,BELLEVIGNE-EN-LAYON,01.21Z
414451872,4.14E+13,,,,,,,LA T0UCHE,,49380,BELLEVIGNE-EN-LAYON,01.21Z
414451880,4.14E+13,,,,,,,VALLET,,49380,BELLEVIGNE-EN-LAYON,01.21Z
414451898,4.14E+13,,,,,,,LES BUISS0NNETS,,49380,BELLEVIGNE-EN-LAYON,01.21Z
414452136,4.14E+13,,,,,12,RUE,DE LA PETITE VILLE,LES JARDINS DU BOURG,49310,LYS-HAUT-LAYON,01.21Z
414452789,4.14E+13,,,,,,,LA FORGE,,49160,GENNES-VAL-DE-LOIRE,01.21Z
414453183,4.14E+13,,,,,,,LE PONT AUGIS,,49110,BEAUPREAU-EN-MAUGES,01.21Z
414454025,4.14E+13,,,,,,,LA BOURNEE,,49700,LOURESSE-ROCHEMENIER,01.21Z
414454397,4.14E+13,,,,,,,L'AIGAIL,,49360,MAULEVRIER,01.21Z
414455147,4.14E+13,,,,,9,QUAI,PHILIPPE DE COMMINES,,49730,MONTSOREAU,01.21Z
414456137,4.14E+13,,,,,,,LA NOUE GIROUX,,49110,MONTREVAULT-SUR-EVRE,01.21Z
414456301,4.14E+13,,,,,,,LES QUATRE VENTS,,49380,BELLEVIGNE-EN-LAYON,01.21Z
414456392,4.14E+13,,,,,,,LE PETIT COIRANT,,49190,ROCHEFORT-SUR-LOIRE,01.21Z
414456418,4.14E+13,,,,,,,LA POILANERIE,,49190,ROCHEFORT-SUR-LOIRE,01.21Z
414456475,4.14E+13,,,,,5,RUE,DES EGLANTIERS,,49740,LA ROMAGNE,01.21Z
414456822,4.14E+13,,,,,,,LA GRANGE,,49280,SAINT-CHRISTOPHE-DU-BOIS,01.21Z
414456855,4.14E+13,,,,,,,LA GREE,,49370,SAINT-CLEMENT-DE-LA-PLACE,01.21Z
414456921,4.14E+13,,,,,,LD,LA PARALISIERE,,49230,SEVREMOINE,01.21Z
414456939,4.14E+13,,,,,,,LE BOURG,,49230,SEVREMOINE,01.21Z
414457358,4.14E+13,,,,,,,LA VIEILLERE,,49190,VAL-DU-LAYON,01.21Z
414457374,4.14E+13,,,,,7,ALL,DES EGLANTINES,LE PLESSIS,49190,VAL-DU-LAYON,01.21Z
414457556,4.14E+13,,,,,,,LE TREMBLAY,,49270,OREE-D'ANJOU,01.21Z
414457606,4.14E+13,,,,,,,LA PETITE MARIOLLAIE,,49120,CHEMILLE-EN-ANJOU,01.21Z
414458463,4.14E+13,,,,,,,LA FIERE,,49280,LA SEGUINIERE,01.21Z
414458794,4.14E+13,,,,,,,CHASLES,,49380,BELLEVIGNE-EN-LAYON,01.21Z
414458810,4.14E+13,,,,,,,BONNEZEAUX,,49380,BELLEVIGNE-EN-LAYON,01.21Z
414459412,4.14E+13,,,,,,,LA COINDASSIERE,,49270,OREE-D'ANJOU,01.21Z
414459503,4.14E+13,,,,,,,,,49400,VARRAINS,01.21Z
414464859,4.14E+13,,,,,30,RUE,CONDORCET,,44100,NANTES,01.21Z
414464966,4.14E+13,,,,,,,SAINT BARTHELEMY,,44450,SAINT-JULIEN-DE-CONCELLES,01.21Z
414467233,4.14E+13,,,,,,,LES PERRIERES,,44330,VALLET,01.21Z
414473405,4.14E+13,,,,,,,LA DOURIE,,44190,CLISSON,01.21Z
414505008,4.15E+13,,,02 40 33 91 47,,,,LE BOIS BRULE,,44330,VALLET,01.21Z
414571497,4.15E+13,,,,,50,RUE,PRINCIPALE,,72310,LOIR EN VALLEE,46.34Z
414587626,4.15E+13,,,,,,,LE CHATEAU DE LA GRANGE,,44650,CORCOUE-SUR-LOGNE,01.21Z
414623421,4.15E+13,lefaydhomme.com,,02 40 54 62 06,,3,,LES COTEAUX,,44690,MONNIERES,01.21Z
414800904,4.15E+13,domaine-bel-air-audrain.com,,02 40 54 84 11,,13,RUE,DE LA CAILLAUDIERE,,44690,LA HAIE-FOUASSIERE,01.21Z
414926998,4.15E+13,,,,,,,LES LANDES,,72500,MONTVAL-SUR-LOIR,01.21Z
414927004,4.15E+13,,,,,,,LES ABATTEES,,72510,CHATEAU-L'HERMITAGE,01.21Z
414927921,4.15E+13,,,,,,,VILLENEUVE,,72500,DISSAY-SOUS-COURCILLON,01.21Z
414985283,4.15E+13,,,,,46,RUE,DE VERDUN,PRIEURE DE LA COLOMBE,49250,BRISSAC LOIRE AUBANCE,01.21Z
414993477,4.15E+13,,,,,,,BOURG,,49220,LE LION D'ANGERS,01.21Z
415187376,4.15E+13,,,,,,,VERRON,LES MOLLANDS,72200,LA FLECHE,01.21Z
415232925,4.15E+13,,,,,51,RUE,DE L AMIRAL MAILLE,,49260,BELLEVIGNE-LES-CHATEAUX,01.21Z
415234236,4.15E+13,,,,,,,FORGES,,49250,BRISSAC LOIRE AUBANCE,01.21Z
415295518,4.15E+13,,,,,400,RUE,DU MOULIN,,49270,OREE-D'ANJOU,01.21Z
415385681,4.15E+13,,,,,421,RUE,DU CHATEAU,,49260,VAUDELNAY,01.21Z
417494630,4.17E+13,,,,,,,CHANTECLAIR,,85600,MONTAIGU-VENDEE,01.21Z
417911302,4.18E+13,fille-couillaud.com,contact@fille-couillaud.com,02 40 33 60 56,LA FILLE COUILLAUD,,,LA GRANDE RAGOTIERE,,44330,LA REGRIPPIERE,46.34Z
417962974,4.18E+13,cru-vallet.fr,contact@cru-vallet.fr,,,,,LES PELLERINS,,44330,VALLET,01.21Z
417993813,4.18E+13,,,,,15,PLACE,SAINT MARTIN,,44640,CHEIX-EN-RETZ,01.21Z
418172268,4.18E+13,,,,,17,RUE,COUSCHER DE CHAMPFLEURY,BIZAY,49260,EPIEDS,01.21Z
418175675,4.18E+13,,,,,53,RUE,D ANJOU,,49310,LYS-HAUT-LAYON,01.21Z
418229860,4.18E+13,,,,,,,GUERANDE MARGUAIS,,44430,LE LOROUX-BOTTEREAU,01.21Z
418265047,4.18E+13,,,,,4,RUE,DU FIEF HEULIN,,44430,LE LOROUX-BOTTEREAU,01.21Z
418276861,4.18E+13,,,,,,,LA GRANDE BODINIERE,,44320,CHAUMES-EN-RETZ,01.21Z
418291423,4.18E+13,,,02 55 10 29 29,,,,BEAU SOLEIL,,44430,LE LANDREAU,01.21Z
418292660,4.18E+13,vignoble-daheron.fr,dns@softdom.com,02 40 05 86 11,,,,LE PARC,,44650,CORCOUE-SUR-LOGNE,01.21Z
418296828,4.18E+13,,,,,,,LE MORTIER,,44190,GORGES,01.21Z
418302287,4.18E+13,,,,,28,RUE,DE LA CHAPELLE,,44140,AIGREFEUILLE-SUR-MAINE,01.21Z
418305330,4.18E+13,,,,,119,RUE,DES DROUARDS,,44340,BOUGUENAIS,01.21Z
418309274,4.18E+13,,,,,,,MONCHAUVET,,72390,DOLLON,01.21Z
418313797,4.18E+13,domainederochambeau.com,mforest@domainederochambeau.com,02 41 57 82 26,,,,ROCHAMBEAU,,49610,SOULAINES-SUR-AUBANCE,01.21Z
418535290,4.19E+13,,,,LES CELLIERS FRANCE ASIE,5,RUE,DES TROENES,,44600,SAINT-NAZAIRE,46.34Z
418556593,4.19E+13,,,,,,,LA BROSSE,,49270,OREE-D'ANJOU,01.21Z
418562104,4.19E+13,,,,,,,CHATEAU FOUQUET,,49260,BELLEVIGNE-LES-CHATEAUX,01.21Z
418562294,4.19E+13,journees-paysannes.org,,,,,,LA PIQUELLERIE,,49130,STE GEMMES SUR LOIRE,01.21Z
418563441,4.19E+13,,,,,,,,,49310,LYS-HAUT-LAYON,01.21Z
418611372,4.19E+13,,,,,,,CHATEAU DE LA NOE,,44310,SAINT-COLOMBAN,01.21Z
418646683,4.19E+13,,,,,,,LES COURONNIERES,,49270,OREE-D'ANJOU,01.21Z
418652996,4.19E+13,,,,,19,CHAUSSEE,DE LA MADELEINE,,44000,NANTES,46.34Z
418672366,4.19E+13,,,,,30,RUE,PONT BARRE,,49190,VAL-DU-LAYON,01.21Z
418674115,4.19E+13,,,,,,,LA BROSSE,,49290,CHAUDEFONDS-SUR-LAYON,01.21Z
418676383,4.19E+13,,,,,,,BASSE GUERCHE,,49290,CHAUDEFONDS-SUR-LAYON,01.21Z
418683306,4.19E+13,,,,,28,RUE,HENRI DUNANT,,72500,MONTVAL-SUR-LOIR,01.21Z
418744132,4.19E+13,,,,,,,LA GUILTIERE,,49230,SEVREMOINE,01.21Z
418927372,4.19E+13,,,,,20,RUE,DU PUITS AUBERT,,49260,BELLEVIGNE-LES-CHATEAUX,01.21Z
418948121,4.19E+13,,,,,,,CHEVRU,,49270,OREE-D'ANJOU,01.21Z
419037569,4.19E+13,,,,,,LD,LA GUYARDIERE,,49120,CHEMILLE-EN-ANJOU,01.21Z
419047865,4.19E+13,,,,,,,FOUGEROLLES,,49400,VERRIE,01.21Z
419236468,4.19E+13,,,,,,,BREHERY,,49270,OREE-D'ANJOU,01.21Z
419331129,4.19E+13,,,,,,,LA BAFFRIE,,49260,SAINT-MACAIRE-DU-BOIS,01.21Z
419449103,4.19E+13,domainegirard.fr,,02 40 54 60 75,,17,,LA REBOURGERE,,44690,MAISDON-SUR-SEVRE,01.21Z
419449319,4.19E+13,,,,,,,RACAPE,,44430,LE LANDREAU,01.21Z
419481627,4.19E+13,vignobledubeausoleil.fr,beau.soleil49@wanadoo.fr,02 41 54 31 95,,10,RUE,DES COTEAUX DU LAYON,FAYE D'ANJOU,49380,BELLEVIGNE-EN-LAYON,01.21Z
419501994,4.20E+13,vgc.fr,,02 40 54 85 24,,,CHATEAU,DU COIN,LE CHATEAU DU COING,44690,SAINT-FIACRE-SUR-MAINE,46.34Z
419531843,4.20E+13,,,,,,,LE PRINTEMPS,,44330,VALLET,01.21Z
419535380,4.20E+13,,,02 41 59 64 84,,5,RUE,DES PERRIERES,AMIGNE,49310,LYS-HAUT-LAYON,01.21Z
419580576,4.20E+13,,,,,,,LA RONZERAIS,,44690,CHATEAU-THEBAUD,01.21Z
419770557,4.20E+13,,,02 41 78 27 97,,,,COTEAUX BLANCS,,49290,CHALONNES-SUR-LOIRE,01.21Z
419772173,4.20E+13,,,02 41 78 11 47,,8,RUE,DU COMMERCE,,49290,CHAUDEFONDS-SUR-LAYON,01.21Z
419798913,4.20E+13,,,,,,,SAINT PIERRE,,49110,MONTREVAULT-SUR-EVRE,01.21Z
419798913,4.20E+13,,,,,18,RUE,MICHEL GASNIER,,53200,CHATEAU-GONTIER-SUR-MAYENNE,01.21Z
419798913,4.20E+13,,,,,,,LA ROSSIGNOLERIE,,49110,BEAUPREAU-EN-MAUGES,01.21Z
419812078,4.20E+13,domainedelapinardiere.com,contact@domainedelapinardiere.com,02 40 33 96 01,,,,LA PINARDIERE,,44330,VALLET,01.21Z
419821699,4.20E+13,,,,,12,RUE,DU LAYON,,49380,BELLEVIGNE-EN-LAYON,01.21Z
419830328,4.20E+13,,,,,18,RUE,DE JARZE,MILLE,49380,TERRANJOU,01.21Z
419846498,4.20E+13,,,,,,,LA CHAUVINIERE,,44690,CHATEAU-THEBAUD,01.21Z
419847454,4.20E+13,,,,,,,LE PATIS TONNEAU,,44115,HAUTE-GOULAINE,01.21Z
419847793,4.20E+13,,,,,,,LES NOUES,,44430,LE LOROUX-BOTTEREAU,46.34Z
419852850,4.20E+13,,,,,4,RUE,DES VIGNERONS,,49400,SOUZAY-CHAMPIGNY,01.21Z
419859392,4.20E+13,fresneau.fr,,02 43 44 13 70,,,RUE,DE CEZIN,,72340,MARCON,01.21Z
419930458,4.20E+13,,,,,,,LE GRAND MOULIN,NUEIL SUR LAYON,49310,LYS-HAUT-LAYON,01.21Z
420408767,4.20E+13,domaine-des-garennes.fr,contact@domainedesgarennes.fr,02 41 52 34 94,,9,IMPASSE,PAUL PAINLEVE,,49260,MONTREUIL-BELLAY,01.21Z
420536203,4.21E+13,,,,,14,RUE,DE LA BIENBOIRE,SAUMUR,49400,SOUZAY-CHAMPIGNY,01.21Z
420592040,4.21E+13,vieuxclos.com,,,,1,ROUTE,DE LA MER,CABANE DE L ILOT,85580,SAINT-MICHEL-EN-L'HERM,01.21Z
420786527,4.21E+13,chateaudefosseseche.fr,,02 41 52 22 22,,,,FOSSE SECHE,,49260,VAUDELNAY,01.21Z
420820847,4.21E+13,,,,,,,DOMAINE ST PIERRE,,49290,CHAUDEFONDS-SUR-LAYON,01.21Z
420829954,4.21E+13,,,02 43 37 99 96,,,,L AUDUGERIE,,53160,HAMBERS,01.21Z
420976326,4.21E+13,patrick-baudouin-layon.com,contact@empreintedigitale.fr,02 41 74 95 03,,,,PRINCE,,49290,CHAUDEFONDS-SUR-LAYON,01.21Z
421025305,4.21E+13,,,,,,,LA LORIERE,,44830,BRAINS,01.21Z
421040395,4.21E+13,lasourceduruault.vin,lasourceduruault@orange.fr,02 41 52 93 80,,29,RUE,DU RUAU,,49400,VARRAINS,01.21Z
421262932,4.21E+13,,,02 40 06 45 96,,,,RACAPE,,44430,LE LANDREAU,01.21Z
421300765,4.21E+13,,,,,11,RUE,DE LA JUDEE,,49260,BELLEVIGNE-LES-CHATEAUX,01.21Z
421329830,4.21E+13,,,,,8,RUE,DES MOULINS,,49380,BELLEVIGNE-EN-LAYON,01.21Z
421378332,4.21E+13,,,,,,,L'YVONNIERE,,72310,LOIR EN VALLEE,01.21Z
421547480,4.22E+13,,contact@domaineduchampchapron.com,02 40 03 65 27,,,,LE  CHAMP CHAPRON,,44450,DIVATTE-SUR-LOIRE,01.21Z
421556820,4.22E+13,,,,,,,LE POYET,,44330,LA CHAPELLE-HEULIN,01.21Z
421657313,4.22E+13,,,,,35,RUE,DE LA GARENNE,TIGNE,49310,LYS-HAUT-LAYON,01.21Z
421660457,4.22E+13,,,,,,,BRETIGNE,,44330,LE PALLET,01.21Z
421672460,4.22E+13,charmeresse.com,,02 41 78 41 14,,12,RUE,BAS MONT,,49380,BELLEVIGNE-EN-LAYON,01.21Z
421731449,4.22E+13,,,,,,,LA MERCERAIS,,44130,BLAIN,46.34Z
421731449,4.22E+13,,,,,,,LUGAGNAC,CHEZ MR PARROT PHILIPPE,44170,VAY,46.34Z
421790833,4.22E+13,,,,,,,LA MOUCHE BREBIS,,49190,DENEE,01.21Z
421791013,4.22E+13,,communication@domainelaureau.fr,09 64 37 02 57,,,,EPIRE,CHEMIN DU GRAND HAME,49170,SAVENNIERES,01.21Z
421791013,4.22E+13,,communication@domainelaureau.fr,09 64 37 02 57,,,CHEMIN,DU GRAND HAME,CAVE - EPIRE,49170,SAVENNIERES,46.34Z
421844234,4.22E+13,,,,,,,LES MARTINS,,49310,LYS-HAUT-LAYON,01.21Z
421845389,4.22E+13,,,,,1,RUE,DES OUCHES,BRIGNE SUR LAYON,49700,DOUE-EN-ANJOU,01.21Z
421874454,4.22E+13,,,,,33,IMPASSE,PAUL PAINLEVE,,49260,MONTREUIL-BELLAY,01.21Z
421920612,4.22E+13,,,02 40 06 42 00,,,,LA VRILLONNIERE,,44430,LE LANDREAU,01.21Z
421948258,4.22E+13,,,,,,,LA NOUE,,49190,DENEE,01.21Z
421976440,4.22E+13,,,,,,RUE,ARTISANAT,,44190,BOUSSAY,46.34Z
421979592,4.22E+13,,,,,,,LA CHAMBAUDIERE,,44190,SAINT-LUMINE-DE-CLISSON,01.21Z
422260745,4.22E+13,,,,,,,LA DESIREE,,44830,BOUAYE,01.21Z
422489286,4.22E+13,,,02 41 91 29 63,,171,RUE,DE LA CHOLTIERE,VAUCHRETIEN,49250,BRISSAC LOIRE AUBANCE,01.21Z
422591115,4.23E+13,,,,,,,VILLAGE DE MALIGNE,,49380,TERRANJOU,01.21Z
422668459,4.23E+13,,,,,,LD,LA GAGNERIE,,49230,SEVREMOINE,01.21Z
422790493,4.23E+13,,,,,,,LE PETIT CERNAY,,49310,CERNUSSON,01.21Z
423007434,4.23E+13,,,,,17,RUE,AUGUSTE FONTENEAU,,49380,TERRANJOU,01.21Z
423008887,4.23E+13,,,,,12,RUE,DE LA POTERNE,,49400,VARRAINS,01.21Z
423185446,4.23E+13,,,,,,,LA GUITONNIERE,,44330,VALLET,01.21Z
423310929,4.23E+13,,,,,10,RUE,DE LâEGLISE,,49700,BROSSAY,01.21Z
423330539,4.23E+13,,,,,6,,LE DEMI BOEUF,,44310,LA LIMOUZINIERE,01.21Z
423330794,4.23E+13,,,,,,,SAINT-SYMPHORIEN,,44310,SAINT-LUMINE-DE-COUTAIS,01.21Z
423335058,4.23E+13,,tourisme@domainedelaperruche.fr,02 41 51 73 36,,29,RUE,DE LA MAUMENIERE,,49730,MONTSOREAU,01.21Z
423689108,4.24E+13,domainedelagrandechauviere.fr,levoye-morin@orange.fr,02 41 78 45 89,,12,RUE,DE LA CHAUVIERE,,49190,VAL-DU-LAYON,01.21Z
423689215,4.24E+13,,,02 41 78 59 00,,,,COTEAU DE SAINT VINCENT,,49290,CHALONNES-SUR-LOIRE,01.21Z
423769165,4.24E+13,,,,,,,BEAUREGARD,,44330,MOUZILLON,01.21Z
423790252,4.24E+13,,,,,138,,LA CROIX VERTE,,49290,CHALONNES-SUR-LOIRE,01.21Z
423849074,4.24E+13,,,,,97,,BRETIGNE,,44330,PALLET (LE),01.21Z
423863711,4.24E+13,labonneliere.com,,02 41 52 92 38,,45,RUE,DU BOURG NEUF,,49400,VARRAINS,01.21Z
423869536,4.24E+13,,,,,66,RUE,FOUCAULT,,49260,BELLEVIGNE-LES-CHATEAUX,01.21Z
424002517,4.24E+13,,,,,5,,LA GRAVOIRE,,44330,LA REGRIPPIERE,01.21Z
424002566,4.24E+13,,,02 28 00 84 25,,,,LA GRANDE AUJARDIERE,,44330,LA REGRIPPIERE,01.21Z
424106821,4.24E+13,domainedescognettes.fr,domainedescognettes@orange.fr,02 40 54 45 62,,,,BOURNIGAL,,44190,CLISSON,01.21Z
424254209,4.24E+13,chateau-de-la-cour.fr,chateaudelacour44@orange.fr,02 40 33 81 36,,,,LA BOITAUDIERE,,44430,LE LANDREAU,01.21Z
424711596,4.25E+13,,,02 40 36 45 57,,23,,LA BASSE CHAROUILLERE,,44330,VALLET,01.21Z
424759728,4.25E+13,,,,,,,LA HAUTIERE,,44690,SAINT-FIACRE-SUR-MAINE,01.21Z
424769552,4.25E+13,,,,,,,LA MORANDIERE,,44330,MOUZILLON,01.21Z
424799062,4.25E+13,,,,,29,RUE,PRINCIPALE,,49250,BRISSAC LOIRE AUBANCE,01.21Z
424847077,4.25E+13,,,,,,,CHAVANNES,,49260,LE PUY-NOTRE-DAME,01.21Z
425142122,4.25E+13,,,,,1,IMP,DES JARDINS,,49700,DOUE-EN-ANJOU,01.21Z
427708938,4.28E+13,,,,,,,,LE HAUT HOMMEAU,44190,SAINT-HILAIRE-DE-CLISSON,01.21Z
427709209,4.28E+13,,,,,6,RUE,DES ABBES COURTAIS,,44690,MAISDON-SUR-SEVRE,01.21Z
427709225,4.28E+13,,,,,,,,,44690,CHATEAU-THEBAUD,01.21Z
427710017,4.28E+13,,,,,,,,,44690,CHATEAU-THEBAUD,01.21Z
427710025,4.28E+13,,,,,3,RUE,DU VIVIER,,44190,CLISSON,01.21Z
427710629,4.28E+13,,,,,,,LA MOUCLETIERE,,44330,VALLET,01.21Z
427710843,4.28E+13,,,,,,,CAHERAULT,,44450,SAINT-JULIEN-DE-CONCELLES,01.21Z
427711064,4.28E+13,,,,,,,LA TROCHERIE,,44430,LE LANDREAU,01.21Z
427725940,4.28E+13,,,,,,,FORGES,,49380,BELLEVIGNE-EN-LAYON,01.21Z
427726054,4.28E+13,,,,,,,,,49250,BRISSAC LOIRE AUBANCE,01.21Z
427762133,4.28E+13,,,,,,,,,44522,MESANGER,01.21Z
427762679,4.28E+13,,,,,,,,,44190,GORGES,01.21Z
427763990,4.28E+13,,,,,,,,,44860,SAINT-AIGNAN-GRANDLIEU,01.21Z
427764113,4.28E+13,,,,,,,,,44118,LA CHEVROLIERE,01.21Z
427764352,4.28E+13,,,,,,,,,44710,PORT-SAINT-PERE,01.21Z
427779608,4.28E+13,,,,,,,,,85320,ROSNAY,01.21Z
427780176,4.28E+13,,,,,,,FOLLET,,85320,ROSNAY,01.21Z
428217269,4.28E+13,,,,,,ROUTE,DE THOUARS,CIDEX 95,49260,MONTREUIL-BELLAY,01.21Z
428260491,4.28E+13,pvvl.fr,contact@pvvl.fr,02 41 54 17 00,,,,LES LOGES,FAVERAYE MACHELLES,49380,BELLEVIGNE-EN-LAYON,01.21Z
428718209,4.29E+13,,,,,,,LA BRETONNIERE,,44690,MAISDON-SUR-SEVRE,01.21Z
428774624,4.29E+13,,,,,,,LâERRIERE,,44430,LE LANDREAU,01.21Z
428971832,4.29E+13,,,,,,,LES BASSES FONTAINES,,49700,DOUE-EN-ANJOU,01.21Z
428972095,4.29E+13,,,,,,,LA BLUETTERIE ARDENAY,,49290,CHAUDEFONDS-SUR-LAYON,01.21Z
429133192,4.29E+13,,,,,11,,MONTEE DES ROCHES,,49260,BELLEVIGNE-LES-CHATEAUX,01.21Z
429305246,4.29E+13,,,,,122,RUE,PORTE NOUVELLE,,49260,MONTREUIL-BELLAY,01.21Z
429417694,4.29E+13,,,,,17,RUE,DE L AMIRAL MAILLE,,49260,BELLEVIGNE-LES-CHATEAUX,01.21Z
429534506,4.30E+13,patistonneau.fr,bureau.ludovic@wanadoo.fr,,,11,IMPASSE,DU PRENEAU,,44115,HAUTE-GOULAINE,01.21Z
429539323,4.30E+13,piedflond.fr,,02 41 59 92 36,,,DOM,DE PIED FLOND,,49380,TERRANJOU,01.21Z
429739063,4.30E+13,,,,,,,LA DISSAUDIERE,,49270,OREE-D'ANJOU,01.21Z
429939317,4.30E+13,,,,,102,RUE,DES ROCHES,CHAMPAGNE,49260,VAUDELNAY,01.21Z
430181685,4.30E+13,chateau-avrille.com,,02 41 91 22 46,,,,CHATEAU D AVRILLE,,49320,LES GARENNES SUR LOIRE,01.21Z
430206300,4.30E+13,domainedelachausserie.fr,earl.gobin@wanadoo.fr,02 40 32 67 81,,35,RUE,DE LA CHAUSSERIE,,44710,SAINT-LEGER-LES-VIGNES,01.21Z
430257303,4.30E+13,,,,,9,ROUTE,D'ANCENIS,,44330,MOUZILLON,46.34Z
430397984,4.30E+13,fabienmurail.com,contact@fabienmurail.com,02 51 30 58 56,,,,LA TUDELIERE,LA TUDELIERE,85320,LA COUTURE,01.21Z
430651828,4.31E+13,,,,,,,LE RONZERAIS,,44690,CHATEAU-THEBAUD,01.21Z
430651851,4.31E+13,,,,,16,RUE,DES BOUCHAUDS,,44690,MAISDON-SUR-SEVRE,01.21Z
430651869,4.31E+13,,,,,,,LE RONZERAIS,,44690,CHATEAU-THEBAUD,01.21Z
430651992,4.31E+13,,,,,,,LA PETITE PLACELIERE,,44690,CHATEAU-THEBAUD,01.21Z
430652008,4.31E+13,,,,,,,MOULIN DU BREIL,,44690,LA HAIE-FOUASSIERE,01.21Z
430652115,4.31E+13,,,,,,,LA BOULE DâOR,,44140,LE BIGNON,01.21Z
430652149,4.31E+13,,,,,,,ANGREVIERS,,44190,GORGES,01.21Z
430652164,4.31E+13,,,,,21,RUE,BEAU SOLEIL,,44690,MAISDON-SUR-SEVRE,01.21Z
430652339,4.31E+13,,,,,,,LE TERTRE,,44330,MOUZILLON,01.21Z
430652396,4.31E+13,,,,,,,POUIVETIERE,,44430,LE LOROUX-BOTTEREAU,01.21Z
430652537,4.31E+13,,,,,,,LA GUILLONNIERE,,44430,LE LOROUX-BOTTEREAU,01.21Z
430654319,4.31E+13,,,,,,,LA BROSSE,,49123,CHAMPTOCE-SUR-LOIRE,01.21Z
430661629,4.31E+13,,,,,,,LA MINIERE,,44690,MONNIERES,01.21Z
430663575,4.31E+13,,,,,,,LA MOUCHETIERE,,44310,SAINT-COLOMBAN,01.21Z
430663849,4.31E+13,,,,,,,LA BOURGEOISIE,,44680,SAINTE PAZANNE,01.21Z
430664144,4.31E+13,,,,,,,LA ROBINIERE,,44640,ROUANS,01.21Z
430669374,4.31E+13,,,,,,,LES FRICHES THIBAULT,,49270,OREE-D'ANJOU,01.21Z
430669440,4.31E+13,,,,,,,LES BASSES COURONNIERES,,49270,OREE-D'ANJOU,01.21Z
430671909,4.31E+13,,,,,,,LES BOSSUERES,,53970,NUILLE SUR VICOIN,01.21Z
430686253,4.31E+13,,,,,,,LES PLANTES,,72500,MONTVAL-SUR-LOIR,01.21Z
430687061,4.31E+13,,,,,,,LE PATISSEAU,,72310,LOIR EN VALLEE,01.21Z
430689513,4.31E+13,,,,,,,LES DANIELLETES,,85300,SALLERTAINE,01.21Z
430689844,4.31E+13,,,,,,,LES HABITES,,85220,APREMONT,01.21Z
430691196,4.31E+13,,,,,,RUE,DE LA FORGE,,85320,ROSNAY,01.21Z
431568443,4.32E+13,,,,,,,LE MOULIN ETIENNE,,44310,SAINT-PHILBERT-DE-GRAND-LIEU,01.21Z
431747690,4.32E+13,,,,,,,LE FRESNE,,49320,BLAISON-SAINT-SULPICE,01.21Z
431759323,4.32E+13,vignoblesrousseau.com,,02 41 78 34 76,,8,RUE,DE LA CHAUVIERE,,49190,VAL-DU-LAYON,01.21Z
432076081,4.32E+13,,,,,2,RUE,DU COMMERCE,,49290,CHAUDEFONDS-SUR-LAYON,01.21Z
432097137,4.32E+13,,,,,,,LA VEROLLIERE,,49190,VAL-DU-LAYON,01.21Z
432222834,4.32E+13,,,,,3,RTE,DE SAUMOUSSAY,,49260,BELLEVIGNE-LES-CHATEAUX,01.21Z
432290757,4.32E+13,,,,,,,LâAUJARDIERE,,44430,LA REMAUDIERE,01.21Z
432446516,4.32E+13,,,,,15,RUE,BIZARD,MUNET,49400,DISTRE,01.21Z
432564896,4.33E+13,,,,,,ALL,DE LA BEAUMETTE,LIEU DIT LE PLESSIS,49190,VAL-DU-LAYON,01.21Z
432670230,4.33E+13,domainedelapepiere.com,,09 62 33 15 03,,,,LA PEPIERE,LA PEPIERE,44690,MAISDON-SUR-SEVRE,01.21Z
432819738,4.33E+13,,,,,36,RUE,DES SABLES,,44860,PONT-SAINT-MARTIN,01.21Z
433169729,4.33E+13,domainebatardlangelier.fr,,02 40 06 67 02,,26,,LA BIGOTIERE,,44690,MAISDON-SUR-SEVRE,01.21Z
433487311,4.33E+13,,,02 40 78 73 39,,,,LES POITRIVIERES,,44310,SAINT-PHILBERT-DE-GRAND-LIEU,01.21Z
433497617,4.33E+13,levieuxpressoir.fr,ludivine@levieuxpressoir.fr,02 41 52 21 78,,205,RUE,DU CHATEAU DâOIRE,LE VAUDELNAY,49260,VAUDELNAY,01.21Z
433527454,4.34E+13,,,02 28 01 13 13,,33,RUE,DES BAILLAUDS,,44700,ORVAULT,46.34Z
433592862,4.34E+13,,,,,1,,LA HEURNIERE,,44190,GORGES,01.21Z
433901642,4.34E+13,,,,,34,RTE,DE TOUVOIS,,44310,SAINT-PHILBERT-DE-GRAND-LIEU,01.21Z
433956067,4.34E+13,,,,,,RUE,DU FOUR,CHAVANNES,49260,LE PUY-NOTRE-DAME,01.21Z
434014569,4.34E+13,,,,,,,SOUSIGNE,LA SEIGNEURIE,49380,TERRANJOU,01.21Z
434225389,4.34E+13,,,,,,,LA VIARDIERE,,49310,LYS-HAUT-LAYON,01.21Z
434285003,4.34E+13,,,,,,,CHATEAU DE SOUCHE,,44860,SAINT-AIGNAN-GRANDLIEU,01.21Z
434452298,4.34E+13,prieure-la-chaume.com,contact@la-chaume.net,02 51 00 49 38,,35,CHEMIN,DE LA CHAUME,,85770,VIX,01.21Z
434712345,4.35E+13,chevaliervigneron.com,eric@chevaliervigneron.com,02 40 78 05 19,,,,LâAUJARDIERE,,44310,SAINT-PHILBERT-DE-GRAND-LIEU,46.34Z
434716320,4.35E+13,,,,,,,LA BOUCHEFOIRE,,44330,LA REGRIPPIERE,01.21Z
435228317,4.35E+13,,,,,7,,LE COING,LA GUILTIERE,49230,SEVREMOINE,01.21Z
437486079,4.37E+13,,,,,231,RUE,DU CHAMP ROBERT,MERON,49260,MONTREUIL-BELLAY,01.21Z
437511231,4.38E+13,,,,,49,CHEMIN,DES BOIS,,44140,GENESTON,46.34Z
437589716,4.38E+13,domaine-fouet.com,julien@domaine-fouet.com,02 41 51 60 52,,11,RUE,DE JUDEE,,49260,BELLEVIGNE-LES-CHATEAUX,46.34Z
437611460,4.38E+13,,,,,,,LE BOURG,,49310,LYS-HAUT-LAYON,01.21Z
437652027,4.38E+13,,,,,61,RUE,LOUIS MORON,,49250,BRISSAC LOIRE AUBANCE,01.21Z
437686538,4.38E+13,,,,,7,BD,DE CAULX,CHEMIN DU PRIEURE,49260,BELLEVIGNE-LES-CHATEAUX,01.21Z
437721160,4.38E+13,,,,,,,LA CHALENIE,,44140,LA PLANCHE,01.21Z
437972672,4.38E+13,,,,,15,ROUTE,DE MONTBERT,,44690,CHATEAU-THEBAUD,01.21Z
438013955,4.38E+13,,,,,,ROUTE,DE CLISSON,,44330,VALLET,01.21Z
438014391,4.38E+13,grellier-montplaisir.fr,contact@grellier-montplaisir.fr,02 41 74 90 30,,529,,MONTPLAISIR,,49290,CHALONNES-SUR-LOIRE,01.21Z
438020356,4.38E+13,domainedesiles.fr,contact@agencecrossmedia.fr,02 51 34 54 38,,20,,LE MARCHE NOUVEAU,,85670,SAINT-ETIENNE-DU-BOIS,01.21Z
438118465,4.38E+13,,,02 41 78 61 01,,,,LA HOUSSELIERE,,49380,BELLEVIGNE-EN-LAYON,01.21Z
438252751,4.38E+13,,,,,,,LA MIGNOTIERE,,85470,BREM-SUR-MER,01.21Z
438269300,4.38E+13,,,02 43 97 62 30,,47,RUE,LEDRU ROLLIN,,72600,MAMERS,46.34Z
438534455,4.39E+13,,,02 40 54 45 23,,,,LES GIRAUDIERES,,44190,GORGES,01.21Z
438611600,4.39E+13,domainedesvergeres.com,,02 41 54 06 61,,,,LA FONTAINE DE CHASLES,,49380,BELLEVIGNE-EN-LAYON,01.21Z
438668824,4.39E+13,benoitrocher.fr,,02 41 54 30 32,,,,LA PICARDIE,,49380,TERRANJOU,01.21Z
438737215,4.39E+13,,contact@stokbox.fr,02 43 95 33 54,FESTICAVE,7,RUE,SAINT LAURENT,,72300,SABLE-SUR-SARTHE,46.34Z
438737215,4.39E+13,,contact@stokbox.fr,02 43 95 33 54,,22,RUE,DAVID D'ANGERS,,49500,SEGRE-EN-ANJOU BLEU,46.34Z
438737215,4.39E+13,,contact@stokbox.fr,02 43 95 33 54,ETS FREULON,,PL,PAUL DOUMER,CHATEAU GONTIER,53200,CHATEAU-GONTIER-SUR-MAYENNE,46.34Z
439007139,4.39E+13,obiervin.fr,contact@obiervin.fr,02 40 28 27 38,,,RTE,DE LAVAL,PREVILLE,44110,CHATEAUBRIANT,46.34Z
439084286,4.39E+13,domainedetartifume.fr,,02 41 57 90 13,,12,RUE,DES ECOLES,,49250,BRISSAC LOIRE AUBANCE,01.21Z
439310582,4.39E+13,,,,,,,BELLE POULE,,49380,BELLEVIGNE-EN-LAYON,01.21Z
439514571,4.40E+13,,,02 51 96 01 16,,55,AVENUE,DES SABLES,,85440,TALMONT-SAINT-HILAIRE,46.34Z
439626672,4.40E+13,domainemoncourt.fr,samoncourt@wanadoo.fr,02 41 79 76 20,,,AV,ANTOINE LAURENT LAVOISIER,,49250,BEAUFORT-EN-ANJOU,01.21Z
439918863,4.40E+13,domainedesmatines.fr,,02 41 52 25 36,,31,RUE,DE LA MAIRIE,,49700,BROSSAY,01.21Z
440112894,4.40E+13,,,,,,,LE MOULIN DE LâILE,,44320,FROSSAY,01.21Z
440212462,4.40E+13,,,,,,,LA RENOUERE,,44430,LE LANDREAU,01.21Z
440246825,4.40E+13,,,,,20,RUE,DU MOUSSEAU,,49700,LES ULMES,01.21Z
440263408,4.40E+13,,,,,,,SAINT MARTIN,CONCOURSON SUR LAYON,49700,DOUE-EN-ANJOU,01.21Z
440391480,4.40E+13,,,,,9,,LA BASSE VILLE,,44330,LA CHAPELLE-HEULIN,01.21Z
440417707,4.40E+13,,,,,31,RUE,DES SABLES,VIAIS,44860,PONT-SAINT-MARTIN,01.21Z
440437184,4.40E+13,,,,,30,RUE,DE LA BELLE ANGEVINE,,49190,VAL-DU-LAYON,01.21Z
440591477,4.41E+13,domainerompillon.com,contact@domainerompillon.com,02 41 78 48 84,,4,,L'OLLULIERE,ST LAMBERT DU LATTAY,49190,VAL-DU-LAYON,01.21Z
440664100,4.41E+13,,,,,349,RUE,DES MOULINS,,49260,COURCHAMPS,01.21Z
440665669,4.41E+13,,,,,,,CHATEAU DE LA FRANCHAIE,,49170,LA POSSONNIERE,01.21Z
440730307,4.41E+13,,,,,16,RUE,GUILLON,,49260,LE PUY-NOTRE-DAME,01.21Z
440752111,4.41E+13,,,02 40 36 21 70,,,,LA POUINIERE,,44330,VALLET,01.21Z
440752772,4.41E+13,,,02 40 33 85 97,,,,LA GAUVELIERE,DOMAINE DE LA GAUVELIERE,44430,LE LOROUX-BOTTEREAU,01.21Z
440789170,4.41E+13,,,,,200,RUE,DU PONT PERRAULT,,49190,ROCHEFORT-SUR-LOIRE,01.21Z
440892719,4.41E+13,,,,,,,L'AUBRIERE,,44310,LA LIMOUZINIERE,01.21Z
441036977,4.41E+13,,,,,,,DOMAINE DE LA TUFFIERE,,49140,JARZE VILLAGES,01.21Z
441188422,4.41E+13,domainecoirier.fr,contact@domainecoirier.fr,02 51 69 40 98,,15,RUE,DES GELINIERES,LE PETITE GROIE,85200,PISSOTTE,01.21Z
441323946,4.41E+13,,,,,3,RUE,DE LA PROVIDENCE,,49260,BELLEVIGNE-LES-CHATEAUX,01.21Z
441340643,4.41E+13,,,,,,,LE PLESSIS,,53370,SAINT-PIERRE-DES-NIDS,01.21Z
441585353,4.42E+13,,,,,79,,GRAND'RUE,,49400,VARRAINS,01.21Z
441800307,4.42E+13,,,02 41 51 22 06,,467,ROUTE,DE MONTSOREAU,,49400,SAUMUR,01.21Z
442077582,4.42E+13,chateaumulonniere.com,chateaudelamulonniere@sagetlaperriere.com,02 41 78 47 52,,,,CHATEAU DE LA MULONNIERE,,49750,BEAULIEU-SUR-LAYON,01.21Z
442293437,4.42E+13,,,,,,,RUELLE DE SOUZIGNE,,49260,BELLEVIGNE-LES-CHATEAUX,01.21Z
442437208,4.42E+13,vins-et-boissons-mauleon.fr,,05 49 81 83 31,,11,RUE,DE LA METALLURGIE,,44470,CARQUEFOU,46.34Z
442437208,4.42E+13,vins-et-boissons-mauleon.fr,,05 49 81 83 31,,9,RUE,DES PAGANNES,,49300,CHOLET,46.34Z
442568788,4.43E+13,,,,,178,RUE,DES BEAUX JARDINS,TIGNE,49310,LYS-HAUT-LAYON,01.21Z
442624938,4.43E+13,,,,,98,RUE,DE LA PALEINE,,49260,BELLEVIGNE-LES-CHATEAUX,01.21Z
442664900,4.43E+13,,,,,,,LES NERONS,,72340,MARCON,01.21Z
442664900,4.43E+13,,,,,,,LES MORTIERS,,72340,MARCON,01.21Z
442860102,4.43E+13,,,,,7,RUE,HAUTE DU MARTREAU,,49190,ROCHEFORT-SUR-LOIRE,01.21Z
442860144,4.43E+13,,,,,5,RUE,PRINCIPALE,,49700,DOUE-EN-ANJOU,01.21Z
442873766,4.43E+13,,,02 41 52 94 11,,13,RUE,DES ROGELINS,,49400,VARRAINS,01.21Z
443034806,4.43E+13,,,,,3,RTE,DE SOUSIGNE,,49700,DOUE-EN-ANJOU,01.21Z
443125299,4.43E+13,chateaudeparnay.fr,o.vincenot@oreas.fr,02 41 38 84 85,,1,RUE,ANTOINE CRISTAL,,49730,PARNAY,01.21Z
443168380,4.43E+13,,,02 51 94 41 86,,3,RUE,DE LA MOUHEE,,85110,CHANTONNAY,46.34Z
443219035,4.43E+13,,,,,,,LES TROISSARDS,,44310,SAINT-PHILBERT-DE-GRAND-LIEU,01.21Z
443248653,4.43E+13,,,,,,,LE CHATAIGNIER,,49270,OREE-D'ANJOU,01.21Z
443879861,4.44E+13,,,,,,RUE,DES ENTREPRENEURS,,44522,MESANGER,46.34Z
444022412,4.44E+13,,,,,17,RUE,DE LA LOIRE,,44430,LE LANDREAU,01.21Z
444122014,4.44E+13,bodineau44.com,,09 70 35 24 81,,,,LES CHABOISSIERES,N122,44330,VALLET,01.21Z
444227631,4.44E+13,rochanvigne.fr,,,,,,LE PLESSIS,,44116,VIEILLEVIGNE,01.21Z
444326805,4.44E+13,,,,GBS,5,ALLEE,DES CARDINAUX,,44350,GUERANDE,46.34Z
444340723,4.44E+13,,,,,,,LE PRESIDIAL,,72340,CHAHAIGNES,01.21Z
444703755,4.45E+13,,,,,,,MONTBENAULT,PARCELLE F821,49380,BELLEVIGNE-EN-LAYON,01.21Z
444740476,4.45E+13,,,,,,,LA JAVELIERE,,44580,VILLENEUVE-EN-RETZ,46.34Z
444788335,4.45E+13,,,,,,,LE VILLAGE,,44360,VIGNEUX-DE-BRETAGNE,46.34Z
444871735,4.45E+13,,,,,,,DOUVY,,49260,EPIEDS,46.34Z
444871735,4.45E+13,,,,,20,RUE,DE LA PALEINE,ST CYR EN BOURG,49260,BELLEVIGNE-LES-CHATEAUX,01.21Z
444898530,4.45E+13,,,,,1,CHEMIN,DE GAUBOURG,,49610,SAINT-MELAINE-SUR-AUBANCE,01.21Z
444909352,4.45E+13,,,,,,,LE FIEF SOUDAIN,,44710,PORT-SAINT-PERE,01.21Z
444910103,4.45E+13,,,02 40 09 50 67,,,,LA PATELIERE,,49270,OREE-D'ANJOU,01.21Z
445063670,4.45E+13,,,,,,RUE,DU VAL D HYROME,,49190,VAL-DU-LAYON,01.21Z
445165004,4.45E+13,,,,,5,CHE,DES QUARTS,LES FONTAINES,49700,DOUE-EN-ANJOU,01.21Z
447734153,4.48E+13,,,,,3586,RTE,DES HAUTS DE CHAUME,SAINT AUBIN DE LUIGNE,49190,VAL-DU-LAYON,01.21Z
447776030,4.48E+13,,,,,21,RUE,DU BOURG NEUF,,49400,VARRAINS,01.21Z
448292458,4.48E+13,,,,,31,RUE,DES COMBATTANTS,,49380,BELLEVIGNE-EN-LAYON,01.21Z
448392902,4.48E+13,closdubeugnon.com,closdubeugnon@yahoo.fr,02 41 38 24 87,,6,,LE BEUGNON,LA FOSSE DE TIGNE,49310,LYS-HAUT-LAYON,01.21Z
448392902,4.48E+13,closdubeugnon.com,closdubeugnon@yahoo.fr,02 41 38 24 87,,6,RUE,DES JONCHERES,,49310,LYS-HAUT-LAYON,46.34Z
448561274,4.49E+13,,,,,46,RUE,PASTEUR,,49140,SEICHES-SUR-LE-LOIR,46.34Z
448618009,4.49E+13,,,,,,,LA ROCHE AUX MOINES,DOMAINE AUX MOINES,49170,SAVENNIERES,01.21Z
448641233,4.49E+13,,,,,,,LA GENAISERIE,,49190,VAL-DU-LAYON,01.21Z
448693473,4.49E+13,,,,,,,LA MARCHINCHERE,,44330,VALLET,01.21Z
449052778,4.49E+13,,,,,3,IMPASSE,DU CABERNET,MOLLAY,49260,SAINT-JUST-SUR-DIVE,01.21Z
449469394,4.49E+13,,,,,,,LA GIRONNIERE,,49110,MAUGES-SUR-LOIRE,01.21Z
449469402,4.49E+13,ericmorgat.com,info@ericmorgat.com,02 41 72 22 51,,,,LA GRANDE ROCHE,CLOS FERRARD,49170,SAVENNIERES,01.21Z
449510833,4.50E+13,vignoble-ecasserie.fr,vignoble.ecasserie@orange.fr,,,19,RTE,DES GRANDES SABLES L'ECASSERIE,CHAMP SUR LAYON,49380,BELLEVIGNE-EN-LAYON,01.21Z
449622737,4.50E+13,,,,,384,RUE,BENJAMIN GUITTONNEAU,,49260,VAUDELNAY,01.21Z
449985316,4.50E+13,,,,,2,RUE,DU COTILLON BLANC,,49380,TERRANJOU,01.21Z
450311980,4.50E+13,,,,,6,CHEMIN,DES ROCHERS DANIEL,,85350,L'ILE-D'YEU,01.21Z
450506142,4.51E+13,,,,,3,RUE,SAINT VINCENT,LA HAUTIERE,44690,SAINT-FIACRE-SUR-MAINE,01.21Z
450603097,4.51E+13,,,,,5,CHEMIN,BRETONNET,,44690,CHATEAU-THEBAUD,01.21Z
450950696,4.51E+13,,,,,,,LE MOULIN DE LA DOUVE,,49380,BELLEVIGNE-EN-LAYON,01.21Z
450950696,4.51E+13,,,,,21,,ROUTE DE BRIGNE,HILAY,49700,TUFFALUN,01.21Z
451190516,4.51E+13,,,,,52,,GRANDE RUE,,49380,BELLEVIGNE-EN-LAYON,01.21Z
451251516,4.51E+13,,,,,11,RUE,DES MEUNIERS,,85100,LES SABLES D'OLONNE,46.34Z
451478317,4.51E+13,pg-s.fr,secretariat@pg-s.fr,02 40 31 12 14,PASCAL GUILLOU SELECTION,14,,LA BESSIERE,,44840,SORINIERES (LES),46.34Z
451580765,4.52E+13,domainedumauperthuis.com,,02 40 33 95 25,,4,,BEAUREGARD,,44330,MOUZILLON,01.21Z
451852404,4.52E+13,,,,,,,LA GALARDIERE,,49270,OREE-D'ANJOU,01.21Z
451852479,4.52E+13,,,,,30,RUE,DE L'AVINEAU,,49290,CHALONNES-SUR-LOIRE,01.21Z
451856736,4.52E+13,,,,,,RUE,DE LA ROBINIERE,,49290,CHALONNES-SUR-LOIRE,01.21Z
451964522,4.52E+13,,,,,,,LA TRANCHAIE,,49270,OREE-D'ANJOU,01.21Z
452036114,4.52E+13,,,,,,,LA GRANDE NANTERIE,,49270,OREE-D'ANJOU,01.21Z
452173578,4.52E+13,,,,,6,RUE,DU PIN,,49190,VAL-DU-LAYON,01.21Z
452194343,4.52E+13,,,,,25,ALLEE,DES TILLEULS,LES ROGELINS,49400,VARRAINS,01.21Z
452216286,4.52E+13,,,,,13,RUE,DU COTEAU,,49110,MONTREVAULT-SUR-EVRE,01.21Z
452238736,4.52E+13,,,,,,,LE GRAND NOMBREUIL,,49170,SAINT-GEORGES-SUR-LOIRE,01.21Z
452259286,4.52E+13,,,,,,,LA HAYE,,49380,BELLEVIGNE-EN-LAYON,01.21Z
452319072,4.52E+13,,,,,,RUE,DU PALAIS DE JUSTICE,,49560,PASSAVANT-SUR-LAYON,01.21Z
452319106,4.52E+13,,,,,,,LE MARGAS,,49190,ROCHEFORT-SUR-LOIRE,01.21Z
452319130,4.52E+13,,,,,,,CLOS DE LA GARNIERE,,49230,SEVREMOINE,01.21Z
452319148,4.52E+13,,,,,,,L ESPERANCE,,49270,OREE-D'ANJOU,01.21Z
452319189,4.52E+13,,,,,,,LE GRAND BEAUVAIS,,49190,VAL-DU-LAYON,01.21Z
452319197,4.52E+13,,,,,,,GUILLAUMAI,,49110,MAUGES-SUR-LOIRE,01.21Z
452319205,4.52E+13,,,,,483,RUE,D ANJOU,,49110,MAUGES-SUR-LOIRE,01.21Z
452323348,4.52E+13,,,,,,,LES POILANES,,49270,OREE-D'ANJOU,01.21Z
452366354,4.52E+13,,,,,,,LA GAUTERIE,,49190,VAL-DU-LAYON,01.21Z
452366362,4.52E+13,,,,,17,,LOTISSEMENT DU SOLEIL LEVA,,49270,OREE-D'ANJOU,01.21Z
452456981,4.52E+13,,,,,7,RUE,DES VIGNES ROUGES,,49110,MONTREVAULT-SUR-EVRE,01.21Z
452457005,4.52E+13,,,,,23,,AVENUE D ANJOU,,49270,OREE-D'ANJOU,01.21Z
452457013,4.52E+13,,,,,,,LES BODINEAUX,,49270,OREE-D'ANJOU,01.21Z
452457021,4.52E+13,,,,,,RUE,DE BEL AIR,,49110,MAUGES-SUR-LOIRE,01.21Z
452457062,4.52E+13,,,,,,,L ARCHERIE,,49270,OREE-D'ANJOU,01.21Z
452457088,4.52E+13,,,,,,,LE COUDRAY,,49190,ROCHEFORT-SUR-LOIRE,01.21Z
452457096,4.52E+13,,,,,,,LA MAISON NEUVE,,49110,MONTREVAULT-SUR-EVRE,01.21Z
452457104,4.52E+13,,,,,,,LE QUARTERON,,49270,OREE-D'ANJOU,01.21Z
452457112,4.52E+13,,,,,,,CHATEAU DE FLINE,,49380,TERRANJOU,01.21Z
452457138,4.52E+13,,,,,,,LE BOIS ST AUBIN,,49170,SAINT-MARTIN-DU-FOUILLOUX,01.21Z
452458029,4.52E+13,,,,,,,LA TROTTELIERE,,49270,OREE-D'ANJOU,01.21Z
452459282,4.52E+13,,,,,6,CHE,DU MOULIN,,49190,VAL-DU-LAYON,01.21Z
452557127,4.53E+13,aloha-seafood.com,,,,2,RUE,SAINT-DENIS,,49100,ANGERS,46.34Z
452571243,4.53E+13,,,,,,,LES BARRES,,49190,VAL-DU-LAYON,01.21Z
452571268,4.53E+13,,,,,,,LA HARLIERE,,49270,OREE-D'ANJOU,01.21Z
452571284,4.53E+13,,,,,,,LE PETIT CHATEAU,,49270,OREE-D'ANJOU,01.21Z
452571318,4.53E+13,,,,,,,LA JOLIVIERE,,49110,MAUGES-SUR-LOIRE,01.21Z
452571334,4.53E+13,,,,,,,MOULIN PASQUEREAU,,49110,MONTREVAULT-SUR-EVRE,01.21Z
452571342,4.53E+13,,,,,12,RUE,DE BEL AIR,,49270,OREE-D'ANJOU,01.21Z
452571359,4.53E+13,,,,,,,L ARCHERIE,,49270,OREE-D'ANJOU,01.21Z
452571375,4.53E+13,,,,,,,LA BOSSERE,,49270,OREE-D'ANJOU,01.21Z
452571383,4.53E+13,,,,,6,RUE,DE LA PETITE BILANGE,,49700,DOUE-EN-ANJOU,01.21Z
452571391,4.53E+13,,,,,,,LE BUTE,,49110,MONTREVAULT-SUR-EVRE,01.21Z
452571409,4.53E+13,,,,,,,LA BRESILLAIE,,49170,POSSONNIERE (LA),01.21Z
452571417,4.53E+13,,,,,,,LA FORET,,49110,MAUGES-SUR-LOIRE,01.21Z
452571433,4.53E+13,,,,,,,LA RIVIERE,,49270,OREE-D'ANJOU,01.21Z
452571490,4.53E+13,,,,,,,MIDION,,49190,ROCHEFORT-SUR-LOIRE,01.21Z
452571516,4.53E+13,,,,,,,LE BOIS PRIEUR,,49270,OREE-D'ANJOU,01.21Z
452571532,4.53E+13,,,,,,,VALET,,49290,CHAUDEFONDS-SUR-LAYON,01.21Z
452571565,4.53E+13,,,,,14,RUE,DE L 'ABONDANCE,CORNU,49380,TERRANJOU,01.21Z
452571573,4.53E+13,,,,,,,LES POILANES,,49270,OREE-D'ANJOU,01.21Z
452571581,4.53E+13,,,,,1,RUE,DE BRETAGNE  ST MACAIRE,,49230,SEVREMOINE,01.21Z
452571599,4.53E+13,,,,,6,RUE,DU PATIS VERT,,49730,VARENNES-SUR-LOIRE,01.21Z
452582489,4.53E+13,,,,,,,LA BOUINIERE,,49110,MONTREVAULT-SUR-EVRE,01.21Z
452594856,4.53E+13,,,,,,,LE PRESSOIR,,49110,MONTREVAULT-SUR-EVRE,01.21Z
452594872,4.53E+13,,,,,,,L HUMEAU DE BRAY,,49260,SAINT-MACAIRE-DU-BOIS,01.21Z
452594898,4.53E+13,,,,,52,RUE,DU BOURGAUTRON,,49270,OREE-D'ANJOU,01.21Z
452600547,4.53E+13,,,,,,,MOULIHERNE,,49290,CHALONNES-SUR-LOIRE,01.21Z
452617368,4.53E+13,,,,,209,,LA BROQUETIERE,,49270,OREE-D'ANJOU,01.21Z
452647662,4.53E+13,,,,,,,LES BOIS GATS,,49110,MAUGES-SUR-LOIRE,01.21Z
452647670,4.53E+13,,,,,6,RUE,DE BRIANCON,,49380,BELLEVIGNE-EN-LAYON,01.21Z
452679129,4.53E+13,,,,,,,LA MASURE,,44430,LE LANDREAU,01.21Z
452728132,4.53E+13,,,,,,,LES BASSES COURRONNIERES,,49270,OREE-D'ANJOU,01.21Z
452728157,4.53E+13,,,02 41 72 70 25,,14,CHE,DES POTIERS,,49110,MAUGES-SUR-LOIRE,01.21Z
452728165,4.53E+13,,,,,,,LES BLOUERES,,49270,OREE-D'ANJOU,01.21Z
452728173,4.53E+13,,,,,,,LA CHAPELLE,,49730,TURQUANT,01.21Z
452728827,4.53E+13,,,,,,,LA BODINIERE,,49270,OREE-D'ANJOU,01.21Z
452728868,4.53E+13,,,,,2,CHE,DU PRESSOIR,,49190,VAL-DU-LAYON,01.21Z
452769045,4.53E+13,,,,,,,LA MAISONNETTE,,49230,SEVREMOINE,01.21Z
452862469,4.53E+13,,continentduvin@gmail.com,02 40 65 62 53,CONTINENT DU VIN,,,LE PINIER,,44690,CHATEAU-THEBAUD,46.34Z
452879265,4.53E+13,,,,,1,RUE,DE JOUE,VALANJOU,49120,CHEMILLE-EN-ANJOU,01.21Z
453060527,4.53E+13,,,,,,,LA PETITE CLAVERIE,,49110,MAUGES-SUR-LOIRE,01.21Z
453068033,4.53E+13,domaineduboislabbe.fr,jeanbaptisteportier@orange.fr,02 41 59 20 19,,3,RUE,DE L'ABBAYE,,49700,DOUE-EN-ANJOU,01.21Z
453091001,4.53E+13,,,,,,,LA MOTTE,,49380,TERRANJOU,46.34Z
453108912,4.53E+13,domaine-grandjouan.com,,02 40 31 53 60,,4,,LA MULONNAIE,,44680,SAINT-MARS-DE-COUTAIS,01.21Z
453334468,4.53E+13,domainedugrandair.fr,domainedugrandair44@gmail.com,02 40 54 21 79,,,CHEMIN,DES SAUTS,BOURNIGAL,44190,CLISSON,01.21Z
453797235,4.54E+13,,,,,,,L AULNAIE,,49110,MONTREVAULT-SUR-EVRE,01.21Z
453810210,4.54E+13,,,,,4,RUE,DU MOULIN,ETIAU,49120,CHEMILLE-EN-ANJOU,01.21Z
453909442,4.54E+13,,,,,3,SQUARE,DES LUTINS,,49300,CHOLET,46.34Z
477480404,4.77E+13,,,,,,,LA COULEE DE LA POUQUELIER,,49270,OREE-D'ANJOU,01.21Z
477617781,4.78E+13,,,,,,LD,SAVONNIERES,LES VERCHERS SUR LAYON,49700,DOUE-EN-ANJOU,01.21Z
477678288,4.78E+13,domainepetiteau.com,,02 40 36 20 15,,451,,LA CHALOUSIERE,,44330,VALLET,01.21Z
477693436,4.78E+13,,,02 40 54 74 37,,,,LES DESFOIS,,44190,SAINT-LUMINE-DE-CLISSON,01.21Z
477711089,4.78E+13,,,02 40 54 60 37,,9,,LA HUPERIE,,44690,MONNIERES,01.21Z
477711386,4.78E+13,,,,,7,RUE,DE LA POTERNE,,49400,VARRAINS,01.21Z
477754857,4.78E+13,,,,,,,LE MARCHAIS RONDEAU,,49310,MONTILLIERS,01.21Z
477780837,4.78E+13,,,02 40 33 34 81,,,,LE PLESSIS GLAIN,,44450,SAINT-JULIEN-DE-CONCELLES,01.21Z
477852495,4.78E+13,,,,,,,PIEGUE,,49190,ROCHEFORT-SUR-LOIRE,01.21Z
477910012,4.78E+13,,,,,,,LE MOULIN DE CHASLES,,49380,BELLEVIGNE-EN-LAYON,01.21Z
477945422,4.78E+13,,,,,148,RUE,DU MEUNIER,TIGNE,49310,LYS-HAUT-LAYON,01.21Z
478124878,4.78E+13,,,09 67 23 83 16,,,,LA QUERFESSION,,49310,MONTILLIERS,01.21Z
478381080,4.78E+13,,,,,,,LA BRONNIERE,,44430,LE LOROUX-BOTTEREAU,01.21Z
478586670,4.79E+13,,,,,,,LA POUINIERE,,44330,VALLET,01.21Z
478845753,4.79E+13,,,,,,,CHATEAU DE LA ROULERIE,,49190,VAL-DU-LAYON,01.21Z
478846702,4.79E+13,,,,,35,RUE,DU COUDRAY,BRON,49260,LE COUDRAY-MACOUARD,01.21Z
479330227,4.79E+13,mondetphotos.fr,,,,12,RUE,DE LA PREE,MOLLAY,49260,SAINT-JUST-SUR-DIVE,46.34Z
479390791,4.79E+13,,loire.wines@uapl.fr,02 41 68 81 91,,10,,BOULEVARD DE LA REPUBLIQUE,THOUARCE,49380,BELLEVIGNE-EN-LAYON,46.34Z
479575573,4.80E+13,,,,,10,RUE,DE L ETANG,LE BARBOTIN,49270,OREE-D'ANJOU,01.21Z
479655953,4.80E+13,,,,,,,BEAUREGARD,,44330,MOUZILLON,46.34Z
479823072,4.80E+13,,,,,,,LE HAUT PLESSIS,,49110,MAUGES-SUR-LOIRE,01.21Z
479983017,4.80E+13,,,02 41 70 46 07,,9,RUE,DU MOULIN,,49230,SEVREMOINE,01.21Z
480049402,4.80E+13,domaine-de-rocheville.fr,contact@domaine-de-rocheville.fr,02 41 38 10 00,,283,RUE,DE ROUGEVILLE,,49260,ARTANNES-SUR-THOUET,01.21Z
480442219,4.80E+13,poiron-dabin.com,,02 40 06 56 42,,,,CHANTEGROLLE,,44690,CHATEAU-THEBAUD,01.21Z
480751304,4.81E+13,,,,,28,RUE,DE LâENCLOSE,VIAIS,44860,PONT-SAINT-MARTIN,01.21Z
481111235,4.81E+13,,,,,11,,LA BERDERIE,,44680,SAINT-MARS-DE-COUTAIS,01.21Z
481111821,4.81E+13,domainetaillandier.com,domainetaillandier.com@wix-domains.com,02 41 72 23 70,,,,CAVES DU CHATEAU DE VARENNES,,49170,SAVENNIERES,01.21Z
481146496,4.81E+13,,,,,48,,LA CHESNAIE,,44450,SAINT-JULIEN-DE-CONCELLES,46.34Z
481252336,4.81E+13,,,,,,LD,LE LANDREAU,,49190,VAL-DU-LAYON,01.21Z
481274595,4.81E+13,,,,,2,RTE,DE ST GEORGES,,49700,DOUE-EN-ANJOU,01.21Z
481294601,4.81E+13,,ecommerce@marcheauxvins.net,02 51 37 11 21,,74,RUE,D'AIZENAY,,85000,LA ROCHE-SUR-YON,46.34Z
481294601,4.81E+13,,ecommerce@marcheauxvins.net,02 51 37 11 21,LE MARCHE AUX VINS,2,BD,ANCIENS COMBATTANTS D AFN,,85100,LES SABLES D'OLONNE,46.34Z
481294601,4.81E+13,,ecommerce@marcheauxvins.net,02 51 37 11 21,,38,RUE,DE L'EGLISE,,85500,LES HERBIERS,46.34Z
481387736,4.81E+13,,,,,,,LES BLUTTERIES,,49270,OREE-D'ANJOU,01.21Z
481699130,4.82E+13,demianville-jasnieres.fr,,02 41 52 91 62,,22,RUE,DE LA MAIRIE,,49400,VARRAINS,01.21Z
481699130,4.82E+13,demianville-jasnieres.fr,,02 41 52 91 62,,,,COURTOUX,,72340,LHOMME,01.21Z
481803617,4.82E+13,,,,,32,RUE,DE L'HERBRAY,,44120,VERTOU,01.21Z
481844454,4.82E+13,,,02 44 41 63 31,,70,RUE,DE LA CROIX PENARD,,85470,BREM-SUR-MER,01.21Z
482110384,4.82E+13,,,,,,,LA GUIBRETIERE,,44310,SAINT-PHILBERT-DE-GRAND-LIEU,01.21Z
482283694,4.82E+13,,bonjour@petite-fontaine.com,05 59 21 34 58,,,LD,L'HYVERNIERE,,44330,LA CHAPELLE-HEULIN,46.34Z
482592615,4.83E+13,,,,,20,RUE,VICTOR JOURNEAU,,49700,DOUE-EN-ANJOU,01.21Z
482916822,4.83E+13,,,,,,,LE LATTAY,FAYE D ANJOU,49380,BELLEVIGNE-EN-LAYON,01.21Z
482979812,4.83E+13,,,,,71,ROUTE,DE CHAMPIGNY,,49400,SAUMUR,01.21Z
483075016,4.83E+13,lemoulindelatouche.com,,02 40 21 47 89,,,,LE MOULIN DE LA TOUCHE,,44580,VILLENEUVE-EN-RETZ,01.21Z
483153904,4.83E+13,,,,,200,,LE RAGUENET,,49190,ROCHEFORT-SUR-LOIRE,01.21Z
483217840,4.83E+13,,,,,4,RUE,DES CAVES RAGOTS,,49260,LE PUY-NOTRE-DAME,01.21Z
483246880,4.83E+13,,,,,25,RTE,DES MOLLAIRES,SAINT FLORENT DES BOIS,85310,RIVES DE L'YON,01.21Z
483267746,4.83E+13,,,,,2,RTE,DE LA COTE DES NOELS,LA GOUVINERIE FAYE D'ANJOU,49380,BELLEVIGNE-EN-LAYON,01.21Z
483299103,4.83E+13,,,,,17,RUE,DE L'ARGURAY CHAVANNES,,49260,LE PUY-NOTRE-DAME,01.21Z
483413076,4.83E+13,,,,,30,RUE,EMILE LANDAIS,,49260,BELLEVIGNE-LES-CHATEAUX,01.21Z
483419800,4.83E+13,chateaucassemichere.com,,02 40 06 74 07,,,,LA CASSEMICHERE,CHATEAU DE LA CASSEMICHERE,44330,LA CHAPELLE-HEULIN,01.21Z
483482444,4.83E+13,,contact@cavedelaportesud.fr,02 40 47 53 70,ALTER WINE DISTRIBUTION,,RUE,DU PROGRES,,44840,LES SORINIERES,46.34Z
483487013,4.83E+13,domainedebise.com,,03 85 20 36 54,,15,RUE,DES PERRIERES MALIGNE,,49380,TERRANJOU,01.21Z
483572103,4.84E+13,,,,,1,,LE PATIS,,44690,MAISDON-SUR-SEVRE,01.21Z
483586160,4.84E+13,,,,,1,,LE MOULIN DE LA DOUVE,RABLAY SUR LAYON,49380,BELLEVIGNE-EN-LAYON,01.21Z
483799532,4.84E+13,,,,,,,LE CLOS DE L'ECU,,44430,LE LANDREAU,01.21Z
483893780,4.84E+13,domaine-bouffard-viticulteur.fr,,02 41 70 43 42,,51,,LA BROSSE,SAINT CRESPIN SUR MOINE,49230,SEVREMOINE,01.21Z
484036561,4.84E+13,,,,,,,LA BARBONNIERE,,44430,LANDREAU (LE),01.21Z
484062849,4.84E+13,hodebert.com,contact@hodebert.com,02 51 79 82 58,,25,ROUTE,DES SORINIERES,,44120,VERTOU,46.34Z
484062849,4.84E+13,hodebert.com,contact@hodebert.com,02 51 79 82 58,,23,ROUTE,DES SORINIERES,,44120,VERTOU,46.34Z
484115787,4.84E+13,artedelvino.fr,c.gillon@artedelvino.fr,,,13,QUAI,SADI CARNOT,,53000,LAVAL,46.34Z
484185574,4.84E+13,,,,LES HERITIERS A.D.,15,AVENUE,DAVID DâANGERS,,49400,SAUMUR,46.34Z
484279161,4.84E+13,muscadet-sur-lie.com,,,,3,LD,LE COLOMBIER,DOMAINE DU COLOMBIER,49230,SEVREMOINE,01.21Z
485022131,4.85E+13,,,,,,,VALLET,,49380,BELLEVIGNE-EN-LAYON,01.21Z
485154942,4.85E+13,,,,,,,SURONDE,,49190,ROCHEFORT-SUR-LOIRE,01.21Z
487564361,4.88E+13,,,,,37,AVENUE,D'ANGERS,,49190,ROCHEFORT-SUR-LOIRE,01.21Z
487671935,4.88E+13,,,02 40 06 43 14,,,,LA ROBINIERE,,44430,LE LANDREAU,01.21Z
487675340,4.88E+13,,,,,102,RUE,D'ANJOU,,49380,TERRANJOU,01.21Z
487695009,4.88E+13,,,02 40 98 17 51,,2,RTE,DES MUTREAUX,BOUZILLE,49270,OREE-D'ANJOU,01.21Z
487730152,4.88E+13,,,,,,,LA HERSE,,44190,GORGES,01.21Z
487754632,4.88E+13,domainedeflines.com,,02 41 59 42 78,,102,RUE,D'ANJOU,MARTIGNE BRIAND,49380,TERRANJOU,46.34Z
487967598,4.88E+13,,,02 40 01 02 93,,86,CHEMIN,DE LA PERRIERE,,44600,SAINT-NAZAIRE,46.34Z
487990822,4.88E+13,,,02 40 80 43 03,,,,LA BOISSELIERE,,44330,LE PALLET,01.21Z
488259458,4.88E+13,,,02 41 78 08 76,,,,VILLENEUVE,,49190,VAL-DU-LAYON,01.21Z
488268236,4.88E+13,,,,,7,,CALE DE SAINT MAUR,LE THOUREIL,49160,GENNES-VAL-DE-LOIRE,01.21Z
488885161,4.89E+13,,,,,,,MORTE,,49380,BELLEVIGNE-EN-LAYON,01.21Z
489008961,4.89E+13,,,,,,LD,LES LANDES DE VIN,,44690,CHATEAU-THEBAUD,46.34Z
489110965,4.89E+13,chevalierledomaine.com,,02 40 78 05 19,,,,LâAUJARDIERE,,44310,SAINT-PHILBERT-DE-GRAND-LIEU,01.21Z
489245274,4.89E+13,,,02 41 59 86 30,,9,RUE,DU MOULIN,LE MOULIN DES GROUAS,49310,LYS-HAUT-LAYON,01.21Z
489287458,4.89E+13,anthony-amiant.com,contact@anthony-amiant.com,02 40 04 87 49,,,,LES CHERPELIERES,,44680,SAINT-MARS-DE-COUTAIS,01.21Z
489312678,4.89E+13,,,,,,,L'ETANG AUX MOINES,,49250,BRISSAC LOIRE AUBANCE,01.21Z
489336446,4.89E+13,,,,,175,RUE,DE LA FOSSE DES NOYERS,,49260,COURCHAMPS,01.21Z
489865139,4.90E+13,,,,,75,,GRAND'RUE,,49400,VARRAINS,01.21Z
490023355,4.90E+13,vitodistribution.fr,commande@vitodistribution.fr,02 49 62 34 97,,2,RUE,YVETTE CAUCHOIS,,44400,REZE,46.34Z
490041555,4.90E+13,,,,,,,LE MOULIN DES GROUAS,,49380,BELLEVIGNE-EN-LAYON,01.21Z
490169257,4.90E+13,,,,,5,RUE,DE LA PETITE DOUSARDE,LA POTARDIERE,49190,VAL-DU-LAYON,01.21Z
490223286,4.90E+13,,,,,,RTE,DE LA ROCHE SUR YON,,85320,MAREUIL-SUR-LAY-DISSAIS,01.21Z
490373909,4.90E+13,,,,,64,RUE,DE DOUE,,49260,MONTREUIL-BELLAY,01.21Z
490379120,4.90E+13,,,,,10,RUE,DES BELLES CAVES,BREZE,49260,BELLEVIGNE-LES-CHATEAUX,01.21Z
490470598,4.90E+13,,,,,7,RUE,SAINT-NICOLAS,,49260,LE PUY-NOTRE-DAME,01.21Z
490550621,4.91E+13,domainemosse.com,,02 41 66 52 88,,4,,LA BERGERIE,SAINT-LAMBERT DU LATTAY,49190,VAL-DU-LAYON,01.21Z
490575123,4.91E+13,,,,,,,LA BERGERIE,SAINT AUBIN DE LUIGNE,49190,VAL-DU-LAYON,46.34Z
490788957,4.91E+13,,,,,14,,GRANDE RUE,,49380,BELLEVIGNE-EN-LAYON,01.21Z
490906427,4.91E+13,,,,,,RUE,DU PERDRIAU,,49260,LE PUY-NOTRE-DAME,01.21Z
491036703,4.91E+13,,,,,12,RUE,DU CANAL DE MONSIEUR,,49190,VAL-DU-LAYON,01.21Z
491059747,4.91E+13,,,,,,,LES JANVRIES,,49390,NOYANT-VILLAGES,01.21Z
491071304,4.91E+13,,,,LES ANNEES VIN,4,RUE,ROUGE,BAGNEUX,49400,SAUMUR,46.34Z
491187076,4.91E+13,,,,,2,RUE,SAINT HILAIRE,DOUE LA FONTAINE,49700,DOUE-EN-ANJOU,46.34Z
491370334,4.91E+13,,,,,,,LA GAIGNARDIERE,,49250,BRISSAC LOIRE AUBANCE,01.21Z
491385787,4.91E+13,,,,,1,,LA PINTIERE,,44270,PAULX,01.21Z
491385852,4.91E+13,neodif.eu,,02 51 80 09 62,,27,RUE,DE L'AERONAUTIQUE,,44340,BOUGUENAIS,46.34Z
491385852,4.91E+13,neodif.eu,,02 51 80 09 62,,5,RUE,GUSTAVE EIFFEL,ZONE D'ACTIVITES NORD BAZOUGES,53200,CHATEAU-GONTIER-SUR-MAYENNE,46.34Z
491680708,4.92E+13,lieubeau.com,,02 40 06 54 81,,,,LA CROIX DE LA BOURDINIERE,,44690,CHATEAU-THEBAUD,46.34Z
491680708,4.92E+13,lieubeau.com,,02 40 06 54 81,SARL PIERRE ET CHANTAL LIEUBEAU,1,,LA FRUITIERE,,44690,CHATEAU-THEBAUD,46.34Z
491694618,4.92E+13,,,,,8,RUE,DES IRIS,,44230,SAINT-SEBASTIEN-SUR-LOIRE,46.34Z
491857389,4.92E+13,,,,,102,RUE,DE LA PALEINE,,49260,BELLEVIGNE-LES-CHATEAUX,01.21Z
492007307,4.92E+13,,,,,32,RUE,DES MOULINS,,44690,MONNIERES,46.34Z
492186911,4.92E+13,,,,,60,,LA CHEVILLARDIERE,,44330,VALLET,01.21Z
492283387,4.92E+13,,,,,,,,LA BORDE GAUDIN,72340,MARCON,01.21Z
492283387,4.92E+13,,,,,7,ROUTE,DU VAL DE LOIR,,72340,MARCON,01.21Z
492291711,4.92E+13,diablotine.fr,ebirgand@diablotine.fr,09 86 34 44 91,DIABLOTINE,1,PLACE,BOSTON,,44490,LE CROISIC,46.34Z
492513825,4.93E+13,,,,,,,CLOS DU MOULIN DE L'ETANG,,49250,BRISSAC LOIRE AUBANCE,01.21Z
492619523,4.93E+13,,,,,,,CARRIOUX,,49260,COURCHAMPS,01.21Z
492657168,4.93E+13,,,,,,,LE LOGIS DE BEAUVAIS,,49310,LYS-HAUT-LAYON,01.21Z
492664248,4.93E+13,domainefl.com,oenotourisme@domainefl.com,,,,,CHAMP DU DEVANT,SECTION F NUMERO 306,49190,ROCHEFORT-SUR-LOIRE,01.21Z
492664248,4.93E+13,domainefl.com,oenotourisme@domainefl.com,,,11,PLACE,FRANCOIS MITTERRAND,,49100,ANGERS,01.21Z
493041263,4.93E+13,,,,,7,RTE,D'ANGERS MILLE,,49380,TERRANJOU,01.21Z
493332183,4.93E+13,,,,,,,LIEU-DIT L OREE,,49750,BEAULIEU-SUR-LAYON,01.21Z
493727184,4.94E+13,,,,,,,BAS MONT,,49380,BELLEVIGNE-EN-LAYON,01.21Z
493782965,4.94E+13,,,,,1,RUE,CHATEAU DE PARNAY,,49730,PARNAY,46.34Z
493782965,4.94E+13,,,,,1,CHEMIN,DE PRINCE,LE PETIT PRINCE,49610,SAINT-MELAINE-SUR-AUBANCE,46.34Z
493794796,4.94E+13,,,02 41 51 22 76,,,,BEAUREGARD,,49560,PASSAVANT-SUR-LAYON,01.21Z
493947758,4.94E+13,,,,,,,LA HALLIERE,,49270,OREE-D'ANJOU,01.21Z
494566847,4.95E+13,,,,,,,LES GIRAUDIERES,,44330,VALLET,01.21Z
494800873,4.95E+13,,,,,5,BOULEVARD,VINCENT GACHE,,44200,NANTES,46.34Z
495048449,4.95E+13,,,,,2,CHEMIN,DE L'ARZILLE,,49190,DENEE,01.21Z
495350837,4.95E+13,,,,,,RUE,DU FOUR A PAIN,,44690,SAINT-FIACRE-SUR-MAINE,01.21Z
497480632,4.97E+13,vinbanyuls.fr,luc.brault@gmail.com,,,7,RUE,DU BAS-BOURG,NOYANT LA PLAINE,49700,TUFFALUN,46.34Z
497576629,4.98E+13,,,,,17,RUE,DE L'ATLANTIQUE,,44270,LA MARNE,46.34Z
497697961,4.98E+13,,,,,,,COUESNE CHEMIN RURAL,GENNES,49160,GENNES-VAL-DE-LOIRE,01.21Z
497722819,4.98E+13,,,02 40 56 20 46,,,RTE,DE LA DRUGE CHEVAUX,RTE DE CAMPBON,44130,BOUVRON,46.34Z
497738674,4.98E+13,,,,,,,LONGUE TOUCHE,LES CERQUEUX SOUS PASSAVANT,49310,LYS-HAUT-LAYON,01.21Z
497859363,4.98E+13,domainelatoucheblanche.com,,02 41 38 02 25,,,,DOMAINE DE LA TOUCHE BLANCHE,,49380,TERRANJOU,01.21Z
498040096,4.98E+13,,,,,,,LA CLARTIERE,NUEIL SUR LAYON,49310,LYS-HAUT-LAYON,01.21Z
498165125,4.98E+13,,,,,122,PLACE,DE METTMANN,,53000,LAVAL,46.34Z
498403674,4.98E+13,,,,,1,IMPASSE,DE LâOREE DES BOIS,,49700,CIZAY-LA-MADELEINE,01.21Z
498403781,4.98E+13,,,,,1,RUE,DES DEPORTES,,49730,TURQUANT,01.21Z
498680438,4.99E+13,,,,,208,ROUTE,DU CHATEAU DE LA COUR,VILLAGE DE BEAUREGARD,44330,MOUZILLON,01.21Z
498719871,4.99E+13,lesroquesdecana.fr,,,,12,RUE,DENIS PAPIN,,49220,LE LION D'ANGERS,01.21Z
498840230,4.99E+13,,,,,,,LES RITUS,,49380,BELLEVIGNE-EN-LAYON,01.21Z
498945013,4.99E+13,,,,,29,RUE,DES MARTYRS,,49730,TURQUANT,01.21Z
498994086,4.99E+13,,,02 51 34 39 72,,10,RUE,DE LA BARBINIERE,SAINT PHILBERT DU PONT CHARRAULT,85110,CHANTONNAY,01.21Z
499114387,4.99E+13,,,,,15,RUE,SAINT ELOI,,49380,TERRANJOU,01.21Z
499162634,4.99E+13,,,,,19,RUE,DES ROCHES NEUVES,,49400,VARRAINS,01.21Z
499162683,4.99E+13,,,,,4,RUE,DU COMTE DE CHAMPAGNY,VIHIERS,49310,LYS-HAUT-LAYON,01.21Z
499260073,4.99E+13,,,,,89,RUE,DE CLERMONT,,53000,LAVAL,46.34Z
499260073,4.99E+13,,,,,,,LES DEFFAIS,,53240,SAINT-JEAN-SUR-MAYENNE,46.34Z
499304582,4.99E+13,belliviere.com,,02 43 44 59 97,,981,ROUTE,DU CARROI DE BOURGES,BELLIVIERE,72340,LHOMME,01.21Z
499772028,5.00E+13,,,02 40 36 94 08,,109,,LA HAUTE FEVRIE,,44690,MAISDON-SUR-SEVRE,01.21Z
499939288,5.00E+13,,,,,35,AVENUE,FERDINAND DE LESSEPS,,44600,SAINT-NAZAIRE,46.34Z
500197504,5.00E+13,,,,,21,RUE,MAURICE LAGATHU,,44400,REZE,46.34Z
500353669,5.00E+13,,,,,,,LA FECUNIERE,,44330,VALLET,01.21Z
500480629,5.00E+13,,,,,,,LA PROVIDENCE,,44330,VALLET,01.21Z
500724661,5.01E+13,,,,,,,LA MASSONNIERE,,44330,VALLET,01.21Z
500840624,5.01E+13,,,,,36,,LA CORDOUERE,,44690,MONNIERES,01.21Z
501062673,5.01E+13,,,02 43 46 26 02,,,,LA ROCHE,,72340,MARCON,01.21Z
501236939,5.01E+13,raffinvini.com,,03 23 64 69 30,,970,CHEMIN,DE LA NOUE,,85270,NOTRE-DAME-DE-RIEZ,46.34Z
501432835,5.01E+13,,,,,9,RTE,DE BELLEVUE CLOS DE L'ELU,SAINT AUBIN DE LUIGNE,49190,VAL-DU-LAYON,01.21Z
501490296,5.01E+13,,,,,36,RUE,DE L'EGLISE,,49260,BELLEVIGNE-LES-CHATEAUX,01.21Z
501581011,5.02E+13,domaine-annivy.fr,contact@domaine-annivy.fr,02 41 36 80 95,DOMAINE ANNIVY,610,ROUTE,DE MONTSOREAU,DAMPIERRE-SUR-LOIR,49400,SAUMUR,01.21Z
502074099,5.02E+13,,,,,3,RUE,DE LA ROCHE AMIGNE,,49310,LYS-HAUT-LAYON,01.21Z
502144520,5.02E+13,,,,,66,GR,RUE,,49380,BELLEVIGNE-EN-LAYON,01.21Z
502186166,5.02E+13,,,,,26,,L'ECOTIERE,,49610,SOULAINES-SUR-AUBANCE,01.21Z
502282650,5.02E+13,renou-freres.com,contact@renou-freres.com,02 40 98 26 79,,12,,LE HAUT FRESNE (DRAIN),DRAIN,49530,OREE D'ANJOU,01.21Z
502329675,5.02E+13,chateau-montreuil-bellay.fr,,,,,PLACE,DES ORMEAUX,CHATEAU DE MONTREUIL BELLAY,49260,MONTREUIL-BELLAY,01.21Z
502461882,5.02E+13,,,,E4,,,LA FERTE,,44330,VALLET,46.34Z
502516511,5.03E+13,,,,,5,RUE,DES SILEX,LOT. DE LA HAUTE ROCHE,53200,CHATEAU-GONTIER-SUR-MAYENNE,46.34Z
503040636,5.03E+13,,,,,,,LA MANDINIERE,,44330,VALLET,01.21Z
503638306,5.04E+13,chateau-eperonniere.com,mtijou@yahoo.fr,02 41 78 33 50,,,,CHATEAU DE L'EPERONNIERE,,49190,ROCHEFORT-SUR-LOIRE,01.21Z
503638405,5.04E+13,,,,,72,RUE,DE LA PALEINE -,SAINT CYR,49260,BELLEVIGNE-LES-CHATEAUX,01.21Z
503793192,5.04E+13,,,,,36,RUE,DE ST ARNOULT,,49380,TERRANJOU,01.21Z
503845075,5.04E+13,,,,,13,RUE,PIERRE GUYARD,,49260,LE PUY-NOTRE-DAME,01.21Z
504176231,5.04E+13,,,,,,,LE BOURGNEUF,,49160,GENNES-VAL-DE-LOIRE,01.21Z
504356981,5.04E+13,,,,,24,RUE,DES PILIERS DE LA CHAUVINIERE,,44800,SAINT-HERBLAIN,46.34Z
504451154,5.04E+13,claudenell.fr,,,,9,RUE,DES NOYERS SAUNE,,49700,TUFFALUN,01.21Z
504580861,5.05E+13,,,,,238,RUE,DU COHU MERON,,49260,MONTREUIL-BELLAY,01.21Z
504775032,5.05E+13,,,02 41 34 42 35,,,CHEMIN,DU BOCAGE,ZI LA VIOLETTE,49240,AVRILLE,46.34Z
504775032,5.05E+13,,,02 41 34 42 35,,,BOULEVARD,DE LA PETITE VITESSE,,72200,LA FLECHE,46.34Z
504849837,5.05E+13,,,,,,,,LE BREIL,49380,BELLEVIGNE-EN-LAYON,01.21Z
504849837,5.05E+13,,,,,7,ALL,DES PERVENCHES,SAINT LAMBERT DU LATTAY,49190,VAL-DU-LAYON,01.21Z
504896549,5.05E+13,,,,,33,RUE,DE LA PAPERIE,,49124,SAINT-BARTHELEMY-D'ANJOU,46.34Z
504994005,5.05E+13,,,,,8,RTE,DE CHACE,,49260,BELLEVIGNE-LES-CHATEAUX,01.21Z
505022194,5.05E+13,,,,,11,RUE,SAINT-VINCENT,,49750,BEAULIEU-SUR-LAYON,01.21Z
505127175,5.05E+13,,,,A2J,35,AVENUE,FERDINAND DE LESSEPS,,44600,SAINT-NAZAIRE,46.34Z
505361766,5.05E+13,,chateau.dusautduloup@wanadoo.fr,,,4,RUE,DE LA BOURRINE,,44120,VERTOU,01.21Z
505383992,5.05E+13,,,,,,,CHATEAU DE BROSSAY,,49560,CLERE-SUR-LAYON,01.21Z
505402578,5.05E+13,domainemerceronmartin.fr,contact@domainemerceronmartin.fr,02 40 83 53 32,,41,,LA COINDASSIERE,LA VARENNE,49270,OREE-D'ANJOU,01.21Z
507401081,5.07E+13,,,02 40 25 22 58,,11,RUE,DE LA METALLURGIE,,44470,CARQUEFOU,46.34Z
507423937,5.07E+13,,,02 40 06 24 30,,23,ROUTE,DE LA GOULAINE,LA SENECHALIERE,44450,SAINT-JULIEN-DE-CONCELLES,01.21Z
507618098,5.08E+13,larcison.fr,,02 41 54 16 81,,,,LE MESNIL,,49380,BELLEVIGNE-EN-LAYON,01.21Z
507713808,5.08E+13,,,,,43,CHEMIN,DE LA PAPINERIE,,49190,ROCHEFORT-SUR-LOIRE,01.21Z
507757359,5.08E+13,niort-boissons.fr,contact@niort-boissons.fr,05 49 09 57 31,,11,RUE,DES ARTISANS,,85150,LANDERONDE,46.34Z
507757359,5.08E+13,niort-boissons.fr,contact@niort-boissons.fr,05 49 09 57 31,BOCAGE BIERE BOISSONS,4,,ZI LE GUITTON   LES CHATELIERS,CHATEAUMUR,85700,SEVREMONT,46.34Z
508228533,5.08E+13,,,,,,,PRINCE,,49290,CHAUDEFONDS-SUR-LAYON,46.34Z
508466968,5.08E+13,,,,,,,LA BIGOTIERE,,44690,MAISDON-SUR-SEVRE,01.21Z
508965712,5.09E+13,gigou-jasnieres.com,vins.gigou@wanadoo.fr,02 43 44 48 72,,4,RUE,DES CAVES,,72340,LA CHARTRE-SUR-LE-LOIR,01.21Z
508976701,5.09E+13,,,,,8,RUE,DU PONT,,72210,LA SUZE-SUR-SARTHE,46.34Z
508986833,5.09E+13,,,,,,,LE MOULIN DE THUET,,49260,VAUDELNAY,01.21Z
509551206,5.10E+13,,sav.jpmo@jpm-ouest.fr,02 40 95 25 51,SAINT-NAZAIRE BOISSONS DISTRIBUTION,20,RUE,RENE CASSIN,,44600,SAINT-NAZAIRE,46.34Z
509551206,5.10E+13,,sav.jpmo@jpm-ouest.fr,02 40 95 25 51,NANTES BOISSONS DISTRIBUTION,,RUE,JOSEPH MONNIER,PARC ACTIVITES ERETTE - GRAND'HAIE,44810,HERIC,46.34Z
509670030,5.10E+13,,,02 41 54 68 76,,,,LE HAUT FOURNEAU,,49750,BEAULIEU-SUR-LAYON,01.21Z
509836557,5.10E+13,,,,,50,RUE,DE LA POMASSE,,49260,VAUDELNAY,01.21Z
509889408,5.10E+13,,,,,1,,LA CROIX DE LA BROSSE,,44690,SAINT-FIACRE-SUR-MAINE,01.21Z
509940318,5.10E+13,caves-mgb.fr,thierry.beignon@wanadoo.fr,02 51 62 90 67,,64,,LA THIBAUDIERE,,85140,ESSARTS-EN-BOCAGE,01.21Z
510127335,5.10E+13,,,02 40 78 76 96,,,CHEMIN,DES GRANDS JARDINS,,44310,SAINT-PHILBERT-DE-GRAND-LIEU,01.21Z
510154818,5.10E+13,,,,,,,LA BOISSELIERE,,44330,LE PALLET,01.21Z
510241623,5.10E+13,,,,,,LD,FOUGEROLLE,,49700,DOUE-EN-ANJOU,01.21Z
510264583,5.10E+13,,,,,1,,ALLEE DES VIOLETTES,,49310,LYS-HAUT-LAYON,01.21Z
510704695,5.11E+13,,,,,110,,LES ROCHETTES,CONCOURSON SUR LAYON,49700,DOUE-EN-ANJOU,01.21Z
510716186,5.11E+13,,,,,6,QUAI,DU ROI RENE,,49400,SAUMUR,01.21Z
510956154,5.11E+13,domainedelacornuliere.over-blog.com,,02 40 03 95 06,,,,LA CORNULIERE,,44190,GORGES,01.21Z
511303174,5.11E+13,,,,,,,LA GAUDINIERE,CHALONNES DE LA PLAINE,49110,MAUGES-SUR-LOIRE,01.21Z
511387920,5.11E+13,,,,,,RUE,COUSCHER DE CHAMPFLEURY,,49260,EPIEDS,01.21Z
511750572,5.12E+13,cavedelahiniere.com,cavedelahiniere@orange.fr,,,,,LA HINIERE,,49380,BELLEVIGNE-EN-LAYON,01.21Z
511833014,5.12E+13,,,02 51 09 41 51,,64,RUE,SAINTE-AGATHE,,85140,SAINT-MARTIN-DES-NOYERS,46.34Z
511950834,5.12E+13,landronchartier.fr,contact@landronchartier.fr,09 81 41 92 00,,657,BD,DES AIRENNES,,44150,ANCENIS-SAINT-GEREON,01.21Z
512042896,5.12E+13,,,,,,,LA PICHONNIERE,,49250,BRISSAC LOIRE AUBANCE,01.21Z
512132283,5.12E+13,bonchateau.com,,01 70 16 91 67,,,,LES VERRERIES,,85230,BOUIN,46.34Z
512264979,5.12E+13,,,,,,,DOMAINE DES HARDIERES,,49190,VAL-DU-LAYON,01.21Z
512448002,5.12E+13,,,,,,ROND POINT,DE BOURNAN,CARRE DE BOURNAN BAGNEUX,49400,SAUMUR,46.34Z
512505322,5.13E+13,,,,,150,,CHEMIN DU PONT NEUF,TIGNE,49310,LYS-HAUT-LAYON,01.21Z
512887373,5.13E+13,,,,,316,,LE PAY,,44190,SAINT-LUMINE-DE-CLISSON,01.21Z
512949363,5.13E+13,,,,,,,MONT BENAULT,,49380,BELLEVIGNE-EN-LAYON,01.21Z
513007096,5.13E+13,,,02 41 36 06 67,,15,RUE,MERVEILLE,,49080,BOUCHEMAINE,46.34Z
513025965,5.13E+13,,,,,585,,LA DURANDIERE,,44521,OUDON,01.21Z
513245340,5.13E+13,jeremie-huchet-vigneron.fr,,02 40 06 51 90,,,,LA CHAUVINIERE,,44690,CHATEAU-THEBAUD,46.34Z
513533059,5.14E+13,chateau-de-meron.fr,jean-claude@chateau-de-meron.fr,02 41 59 95 51,,,,CHATEAU DE BREZE,,49260,BELLEVIGNE-LES-CHATEAUX,01.21Z
513648469,5.14E+13,,,,,2,RTE,DE NOIZE,LA RAGUENIERE,49700,DOUE-EN-ANJOU,01.21Z
513982041,5.14E+13,,,,,25,RUE,DU CHATEAU,,49700,DOUE-EN-ANJOU,01.21Z
513986075,5.14E+13,,,,,1,,LA VANNERIE,,44310,SAINT-PHILBERT-DE-GRAND-LIEU,01.21Z
513999029,5.14E+13,,,,,,RUE,D'AVRILLE,L'HOMOIS,49320,LES GARENNES SUR LOIRE,46.34Z
514048669,5.14E+13,,,,,4,RUE,JEAN BREVET,,49400,SOUZAY-CHAMPIGNY,01.21Z
514055664,5.14E+13,vignoblemulonniere.fr,vignoblelamulonniere@gmail.com,02 41 78 32 83,,,,LA MULONNIERE,,49750,BEAULIEU-SUR-LAYON,01.21Z
514209196,5.14E+13,,,,,1,RUE,DU CLOS DE LA MOUCHE,CORNU,49380,TERRANJOU,01.21Z
514455914,5.14E+13,,,02 40 33 86 84,,,,LE VAL FLEURY,,44430,LE LOROUX-BOTTEREAU,01.21Z
514583327,5.15E+13,vignoblemarchais.fr,chai.de.thouare@gmail.com,02 40 03 79 89,,,,LA BLANDINIERE,,44470,THOUARE-SUR-LOIRE,46.34Z
514612381,5.15E+13,,,,,3,RUE,MORAINS,,49400,SAUMUR,01.21Z
514727775,5.15E+13,,,,,,,RAFFRAY,,49610,MURS-ERIGNE,01.21Z
514772300,5.15E+13,,,,,,,L EPINAY,,44190,CLISSON,46.34Z
515095180,5.15E+13,,,,BOUTIQUE VIN BIO,333,,LES ROCHETTES,CONCOURSON SUR LAYON,49700,DOUE-EN-ANJOU,46.34Z
515100840,5.15E+13,,,,,2,,CLOS DE LA PAPINIERE,,49230,SEVREMOINE,01.21Z
515104362,5.15E+13,bedouet-vigneron.fr,michel@bedouet-vigneron.com,02 40 05 83 65,,28,,LE PE DE SEVRE,,44330,LE PALLET,01.21Z
515192276,5.15E+13,,,,,1,ROUTE,DE BONNEVEAU,,49650,BRAIN-SUR-ALLONNES,01.21Z
515224848,5.15E+13,,,,,4,RUE,DES MENAIS,,49400,VARRAINS,01.21Z
515339034,5.15E+13,,,,,32,RUE,DU DOUET,,44230,SAINT-SEBASTIEN-SUR-LOIRE,46.34Z
515341402,5.15E+13,,,,,,,LE PETIT BEAUMONT,SAINT JEAN DES MAUVRETS,49320,LES GARENNES SUR LOIRE,01.21Z
515353019,5.15E+13,,,,,,,LE PRESSOIR DES VIGNES,,49270,OREE-D'ANJOU,01.21Z
517897625,5.18E+13,,,,NECTARS DE TITI,1614,ROUTE,DE LA BLAIRE,,85440,GROSBREUIL,46.34Z
518134689,5.18E+13,,,,,14,RUE,DE LA CHEVRUE,,44120,VERTOU,01.21Z
518835020,5.19E+13,,,,,30,RUE,PORTE NOUVELLE,,49260,MONTREUIL-BELLAY,01.21Z
518907670,5.19E+13,,,,,,,CLOS DE LA JUTIERE,,49120,CHEMILLE-EN-ANJOU,01.21Z
519050231,5.19E+13,,,,,15,RUE,DU FIEF D ARES,SAINT-CRESPIN-SUR-MOINE,49230,SEVREMOINE,46.34Z
519062657,5.19E+13,,,02 40 06 74 35,,,LD,JUYON,,44330,LA CHAPELLE-HEULIN,01.21Z
519069512,5.19E+13,,,,VILLEVERT,,,,,,,
519070031,5.19E+13,,,,,2,IMP,DES MARRONNIERS,,49380,BELLEVIGNE-EN-LAYON,01.21Z
519087167,5.19E+13,,,,,2,RUE,DE LA LEVEE,ZA DES PEUPLERAIES,49400,SAUMUR,46.34Z
519237176,5.19E+13,,,02 41 54 18 01,,,,LES NOELS,FAYE D ANJOU,49380,BELLEVIGNE-EN-LAYON,01.21Z
519692933,5.20E+13,,,,,46,RUE,DE LA ROBERDERIE,AZE,53200,CHATEAU-GONTIER-SUR-MAYENNE,46.34Z
519771067,5.20E+13,,,,,,CHEMIN,DU VIEUX SERRANT,CHAMBOUREAU,49170,SAVENNIERES,01.21Z
519830673,5.20E+13,,,,,,LD,LES VERZEAUX,VALANJOU,49120,CHEMILLE-EN-ANJOU,01.21Z
519882401,5.20E+13,,,,,,,LA MAISON ROUGE,,49380,TERRANJOU,01.21Z
520007147,5.20E+13,laraderie.fr,christophe.croisard@laraderie.fr,02 43 79 14 90,,,,LA POMMERAIE,,72340,CHAHAIGNES,01.21Z
520439548,5.20E+13,,,,,,RUE,DE VIROLAI,,49260,LE PUY-NOTRE-DAME,01.21Z
520454307,5.20E+13,,,,,57,RUE,DES FRERES AMIEUX,,44100,NANTES,01.21Z
520724170,5.21E+13,,,,,15,,LA GARNAUDIERE,,44310,LA LIMOUZINIERE,46.34Z
521624726,5.22E+13,,,,,324,RUE,DE LA CROIX SAINT-ANDRE,,49260,VAUDELNAY,01.21Z
521797068,5.22E+13,,,,,,,LE CHATEAU DE LA GRANGE,,44650,CORCOUE-SUR-LOGNE,46.34Z
521830554,5.22E+13,,,,,17,QUAI,PHILIPPE DE COMMINES,,49730,MONTSOREAU,01.21Z
522038793,5.22E+13,vignoble-fiolleau.fr,fiolleau.domainedulogis@orange.fr,02 40 05 94 17,,1,,LE LOGIS DU COIN,,44650,CORCOUE-SUR-LOGNE,01.21Z
522128842,5.22E+13,,,,,,,L'OISELINIERE,,44190,GORGES,01.21Z
522659853,5.23E+13,,,,,100,RUE,PORTE SAINT JEAN,,49260,MONTREUIL-BELLAY,46.34Z
522880798,5.23E+13,,,,,444,,LA MORINIERE,,85250,CHAVAGNES-EN-PAILLERS,46.34Z
523226967,5.23E+13,,,,,23,,LES COURAUDS,,44690,MAISDON-SUR-SEVRE,46.34Z
523299816,5.23E+13,,,,,1,IMPASSE,DU CHANOINE DE DOUVES,,49750,BEAULIEU-SUR-LAYON,01.21Z
523584043,5.24E+13,,,,,10,RUE,FOUCAULT,,49260,BELLEVIGNE-LES-CHATEAUX,01.21Z
523796449,5.24E+13,,,,,,,LA TOUCHE,,49290,CHAUDEFONDS-SUR-LAYON,01.21Z
523834976,5.24E+13,,,,,,LD,LE PRIEURE,,49120,CHEMILLE-EN-ANJOU,01.21Z
523895787,5.24E+13,,,,,29,,ASNERIE,,44190,GETIGNE,01.21Z
524003191,5.24E+13,,,,,,,LA CHAPELLERIE,,44320,CHAUMES-EN-RETZ,01.21Z
524040110,5.24E+13,lamercrediere.com,michel.futeul@laposte.net,02 40 54 80 10,,,,LA MERCREDIERE,,44330,LE PALLET,01.21Z
524605896,5.25E+13,domainedelamaretiere.com,,,,6,LD,LA MARETIERE,,49230,SEVREMOINE,01.21Z
524837192,5.25E+13,,,,,,,,DOMAINE DE LA PINSONNIERE,49380,BELLEVIGNE-EN-LAYON,01.21Z
525047254,5.25E+13,,,,,,,LA SANSONNIERE,THOUARCE,49380,BELLEVIGNE-EN-LAYON,01.21Z
525066676,5.25E+13,,,,,90,RUE,DE LA DURANDIERE,LA LANDELLE,44430,LE LOROUX-BOTTEREAU,01.21Z
525324216,5.25E+13,,,,,,,LA TORTIERE,,44450,DIVATTE-SUR-LOIRE,01.21Z
527699920,5.28E+13,vins-spirale.com,contact@vins-spirale.com,09 81 28 10 22,,8,RUE,DU CLOUET,ZAC DU CLOUET EST,44470,CARQUEFOU,46.34Z
527917702,5.28E+13,,,,,37,RUE,DE LA CROIX BERNARD,,44140,REMOUILLE,46.34Z
527957963,5.28E+13,,,,,,,BONNE-FONTAINE,,44330,VALLET,01.21Z
528001928,5.28E+13,,,,,43,RUE,DU PUY,LES VERCHERS SUR LAYON,49700,DOUE-EN-ANJOU,01.21Z
528323199,5.28E+13,,,,,,,ROCHE AUBRY,,49380,BELLEVIGNE-EN-LAYON,01.21Z
528887649,5.29E+13,,contact@vignoblescheneau.bzh,02 40 33 94 01,,,,BEAU SOLEIL,,44330,MOUZILLON,01.21Z
528903586,5.29E+13,,,,,9,RUE,DES CHAPAUDAISES BIZAY,,49260,EPIEDS,01.21Z
528935935,5.29E+13,,,,,4,,LES LOGES,,44690,MONNIERES,01.21Z
529033516,5.29E+13,,,,IN LOGISTIC,27,RUE,DE L'AERONAUTIQUE,,44340,BOUGUENAIS,46.34Z
529625725,5.30E+13,domainedesgranges.fr,cavenobiron@hotmail.fr,,,2,,LES GRANGES,,85100,LES SABLES D'OLONNE,01.21Z
530204734,5.30E+13,,,,,38,RUE,DE LA POTERNE,,49400,VARRAINS,01.21Z
530304930,5.30E+13,,,,,66,,LIEUDIT LE SALE VILLAGE,ST GEORGES DES SEPTS VOIES,49160,GENNES-VAL-DE-LOIRE,01.21Z
530338557,5.30E+13,,,,TOURNADRE FABRICE,34,RUE,DE LA ROUSSELIERE,,53940,SAINT-BERTHEVIN,46.34Z
530382191,5.30E+13,,,,,,RTE,DE LA ROCHE SUR YON,,85320,MAREUIL-SUR-LAY-DISSAIS,01.21Z
530411297,5.30E+13,,,,,,,,MONT BENAULT,49380,BELLEVIGNE-EN-LAYON,01.21Z
530443522,5.30E+13,,,,,,,LE PRE CLOS ST HILAIRE DU BOIS,,49310,LYS-HAUT-LAYON,01.21Z
530596568,5.31E+13,gonorderie.fr,contact@gonorderie.fr,02 41 91 22 80,,,,LA GONORDERIE,,49250,BRISSAC LOIRE AUBANCE,01.21Z
530787142,5.31E+13,vignoble-epiard.viti.pro,,02 51 41 93 42,,,,LA PIERRE BLANCHE,,85660,SAINT-PHILBERT-DE-BOUAINE,01.21Z
530787142,5.31E+13,vignoble-epiard.viti.pro,,02 51 41 93 42,,,,LA PIERRE BLANCHE,BATIMENT A,85660,SAINT-PHILBERT-DE-BOUAINE,46.34Z
530862416,5.31E+13,,,,,35,,GRANDE RUE,ST MARTIN D'ARCE,49150,BAUGE-EN-ANJOU,01.21Z
530877976,5.31E+13,,,,,18,RUE,DES TROGLODYTES,SAUMOUSSAY,49260,BELLEVIGNE-LES-CHATEAUX,01.21Z
530904184,5.31E+13,,,,,8,RUE,DE LA POSTE,,49290,CHAUDEFONDS-SUR-LAYON,01.21Z
530970904,5.31E+13,,,,,11,RUE,DE LA VALLEE DU BOIS,,49700,BROSSAY,01.21Z
531098622,5.31E+13,,,,,26,RUE,DU BON REPOS,CLOS DES BONNES BLANCHES,49190,VAL-DU-LAYON,01.21Z
531189439,5.31E+13,muscadet-orieux.com,,02 40 46 68 41,,,,LA TOUCHE,,44330,VALLET,01.21Z
531274694,5.31E+13,moulindechauvigne.com,info@moulindechauvigne.com,02 41 78 86 56,,,,LE MOULIN DE CHAUVIGNE,,49190,ROCHEFORT-SUR-LOIRE,01.21Z
531345171,5.31E+13,domainebregeon.com,contact@domainebregeon.com,02 40 06 93 19,,5,,LES GUISSEAUX,,44190,GORGES,01.21Z
531345171,5.31E+13,domainebregeon.com,contact@domainebregeon.com,02 40 06 93 19,,1,,LES GUISSEAUX,,44190,GORGES,01.21Z
531599421,5.32E+13,,,,,5,RUE,DU PASSEUR,LIEU DIT LES CAVES,49160,GENNES-VAL-DE-LOIRE,01.21Z
531625432,5.32E+13,,,,,,,CHAINTRE,RTE DE CHAINTRES,49400,SAUMUR,01.21Z
531633352,5.32E+13,sauveroy.com,domainesauveroy@sauveroy.com,02 41 78 30 59,,,,LE SAUVEROY,,49190,VAL-DU-LAYON,46.34Z
531724854,5.32E+13,,,,,49,ROUTE,DE KERLAN,,44740,BATZ-SUR-MER,01.21Z
532479680,5.32E+13,,,,,12,,LES BEILLARDS,,44190,GORGES,01.21Z
532525813,5.33E+13,innovins.fr,s.toublanc@innovins.fr,02 40 97 09 77,,6,RUE,DES MARINIERS,6-8-BOIRE COURANT,44450,SAINT-JULIEN-DE-CONCELLES,46.34Z
532525813,5.33E+13,innovins.fr,s.toublanc@innovins.fr,02 40 97 09 77,,,RUE,DE L'ARTISANAT,,44190,BOUSSAY,46.34Z
532615176,5.33E+13,,,,,,LD,PUTILLE,,49110,MAUGES-SUR-LOIRE,46.34Z
532707452,5.33E+13,,,,,1,CHE,DES GRANDES TAILLES,,49190,VAL-DU-LAYON,01.21Z
532952496,5.33E+13,,,,,,,LA LUCERIE,,72340,MARCON,01.21Z
533262671,5.33E+13,,,,,15,CHE,DE RIMODAN BRON,,49260,LE COUDRAY-MACOUARD,46.34Z
533381166,5.33E+13,,,,,2,CHE,DE LA FABRICE,,49700,DOUE-EN-ANJOU,01.21Z
533571675,5.34E+13,,,,,,,LE PRESIDIAL,CAVES DE LA PERRAS,72340,CHAHAIGNES,01.21Z
533590923,5.34E+13,,contact@albert-van-piperzeel.com,02 23 43 82 41,,705,RUE,DE KERDANDEC QUIMIAC,,44420,MESQUER,46.34Z
533633558,5.34E+13,,,,,4,RUE,SAINT VINCENT,,49380,BELLEVIGNE-EN-LAYON,01.21Z
533643276,5.34E+13,,,,STANISLAS COLLIN VINS SELECTION,4,AVENUE,DES ANGLAIS,,44500,LA BAULE-ESCOUBLAC,46.34Z
533670360,5.34E+13,,,,,11,ROUTE,DE MEIGNE,,49700,LES ULMES,01.21Z
533708723,5.34E+13,vieux-bourg.com,,02 41 52 91 89,,,,GRAND'RUE,,49400,VARRAINS,01.21Z
534010129,5.34E+13,,,,,,,L'ETOILE,,49260,BELLEVIGNE-LES-CHATEAUX,01.21Z
534105952,5.34E+13,,,,,,,LES HAUTES BROSSES,,49190,ROCHEFORT-SUR-LOIRE,01.21Z
534145727,5.34E+13,,,,,,,LA GRENAUDIERE,,44690,MAISDON-SUR-SEVRE,01.21Z
534538780,5.35E+13,,,,,,,LES AVENEAUX,,44330,LA CHAPELLE-HEULIN,01.21Z
534633730,5.35E+13,,,,,8,ROUTE,DE LA HAYE-FOUASSIERE,,44120,VERTOU,46.34Z
535182463,5.35E+13,,,,,,,LA CORNEMUSE,,49380,BELLEVIGNE-EN-LAYON,01.21Z
535248538,5.35E+13,,,,,5,RUE,PAUL MARTINEAU,SAINT HILAIRE SAINT FLORENT,49400,SAUMUR,01.21Z
537394314,5.37E+13,,,,,,,LE BREIL,,49380,BELLEVIGNE-EN-LAYON,01.21Z
537491110,5.37E+13,,,,,5,,LA GUITTIERE,,85190,VENANSAULT,46.34Z
537917940,5.38E+13,,,,,,,LES CHABOISSIERES,,44330,VALLET,01.21Z
537972416,5.38E+13,domainedechaintre.fr,sylvain.luneau@orange.fr,02 40 36 31 16,,,,CHAINTRE,,44330,MOUZILLON,01.21Z
538224569,5.38E+13,,,,,67,AVENUE,FERDINAND DE LESSEPS,,44600,SAINT-NAZAIRE,46.34Z
538636663,5.39E+13,,,,,320,,LA PAONNERIE,,44150,VAIR-SUR-LOIRE,01.21Z
538801812,5.39E+13,,,,,19,RUE,SAINT VINCENT,,49190,VAL-DU-LAYON,01.21Z
538893207,5.39E+13,lesvinsmonvoisin.com,patrick@lesvinsmonvoisin.com,,,6,RUE,DIDEROT,,44100,NANTES,46.34Z
539012096,5.39E+13,chateaulasalle.fr,,,,306,RUE,DU PRESBYTERE,,49260,MONTREUIL-BELLAY,01.21Z
539073239,5.39E+13,,,,,,,CHATEAU DE LA BRETONNERIE,,44690,LA HAIE-FOUASSIERE,01.21Z
539073239,5.39E+13,,,,,,RUE,DE LA HAUTE VILLE,CHAIS DE HAUTE VILLE,44115,HAUTE-GOULAINE,01.21Z
539251074,5.39E+13,,,,SELECTIONS DECOUVERTES,,RUE,EIFFEL,ZA LE HAUT COIN,44140,AIGREFEUILLE-SUR-MAINE,46.34Z
539436923,5.39E+13,,,,,,,MIREBEAU,,49380,BELLEVIGNE-EN-LAYON,01.21Z
539537753,5.40E+13,,,,,,RUE,DE LA RIPAILLE,CHATEAU DE LA RIPAILLE,49260,BELLEVIGNE-LES-CHATEAUX,01.21Z
539557116,5.40E+13,,,,,,,LA RIGAUDERIE,,44830,BRAINS,01.21Z
539557249,5.40E+13,,,02 40 54 67 91,ANJDELIS,103,,COURSAY,,44690,MONNIERES,01.21Z
539595678,5.40E+13,,,,,,,LA LAITERIE,,49560,CLERE-SUR-LAYON,01.21Z
540003084,5.40E+13,,,,,,,LE BOIS JOLI,,49190,VAL-DU-LAYON,01.21Z
540061603,5.40E+13,,,,,42,RUE,DES LICES,,49100,ANGERS,46.34Z
662054311,6.62E+13,agencemcd.com,,,MA CAVE DISTRIBUTION,128,RUE,DU REQUER,,44420,LA TURBALLE,46.34Z
665480125,6.65E+13,,,,,24,RUE,JULES AMIOT,SAINT HILAIRE SAINT FLORENT,49400,SAUMUR,46.34Z
665480125,6.65E+13,,,,,25,AV,DU GENERAL LECLERC,DOUE LA FONTAINE,49700,DOUE-EN-ANJOU,46.34Z
665480133,6.65E+13,,dsi-sitesweb@terrena.fr,02 54 71 66 66,,,,ZONE INDUSTRIELLE,,49260,BELLEVIGNE-LES-CHATEAUX,46.34Z
665480133,6.65E+13,,dsi-sitesweb@terrena.fr,02 54 71 66 66,,29,RUE,DE LA MAUMENIERE,,49730,MONTSOREAU,46.34Z
665480133,6.65E+13,,dsi-sitesweb@terrena.fr,02 54 71 66 66,,,,ZONE ARTISANALE LES MARTIGNOLLES,VAUCHRETIEN,49250,BRISSAC LOIRE AUBANCE,46.34Z
665480158,6.65E+13,joseph-verdier.fr,c.tessier@joseph-verdier.fr,02 41 40 22 50,,,,ZONE INDUSTRIELLE,,49260,MONTREUIL-BELLAY,46.34Z
665480158,6.65E+13,joseph-verdier.fr,c.tessier@joseph-verdier.fr,02 41 40 22 50,,,BOULEVARD,JEAN MOULIN,ZI CLOS BONNET,49400,SAUMUR,46.34Z
666680087,6.67E+13,caves-explorer.com,,,,24,AV,DU GENERAL LECLERC,,49700,DOUE-EN-ANJOU,46.34Z
666680087,6.67E+13,caves-explorer.com,,,,,RTE,DE SAUMUR,,49260,MONTREUIL-BELLAY,46.34Z
667180111,6.67E+13,chaintres.fr,info@chaintres.fr,02 41 52 90 54,,,,CHAINTRE,,49400,SAUMUR,01.21Z
667180186,6.67E+13,allianceloire.com,infos@allianceloire.com,02 41 53 74 44,,,RTE,DE LA PERRIERE,SAINT-CYR-EN-BOURG,49260,BELLEVIGNE-LES-CHATEAUX,46.34Z
667271431,6.67E+13,,,,,,,LE BOOURG NEUF,,49160,GENNES-VAL-DE-LOIRE,01.21Z
749940672,7.50E+13,,,,,,,LA GUILLEMOCHERE,,44330,LA CHAPELLE-HEULIN,01.21Z
750031908,7.50E+13,,,,,7,RUE,DE LA CHAUVIERE,,49190,VAL-DU-LAYON,01.21Z
750152092,7.50E+13,bieres-dailleurs.com,,02 28 07 82 59,BIERES D'AILLEURS,24,RUE,DES PILIERS DE LA CHAUVINIERE,,44800,SAINT-HERBLAIN,46.34Z
750291064,7.50E+13,,,,,,,LE PLESSIS,,49310,LYS-HAUT-LAYON,01.21Z
750295610,7.50E+13,,,,FRANCE OVERSEAS,423,AV,DU PONT DE BIAIS,,44150,ANCENIS-SAINT-GEREON,46.34Z
750323347,7.50E+13,domaine-escogriffe.com,,,,,,LE COQUEREAU,,49320,BLAISON-SAINT-SULPICE,01.21Z
750323347,7.50E+13,domaine-escogriffe.com,,,,,,MONTSABERT,COUTURES,49250,BRISSAC LOIRE AUBANCE,01.21Z
750331472,7.50E+13,,,,,125,IMPASSE,DES JUMETERIES,LE GRAND AIRAULT,49190,ROCHEFORT-SUR-LOIRE,01.21Z
750499774,7.51E+13,,,,,,,LA BROSSE,,49120,CHEMILLE-EN-ANJOU,01.21Z
750855744,7.51E+13,,,,,,,LE FRICHE,FAYE D'ANJOU,49380,BELLEVIGNE-EN-LAYON,01.21Z
751078403,7.51E+13,ciap-pdl.fr,ciap.sarthe@gmail.com,02 40 20 83 93,,,,LA HAUTE COUDRAIE,,49560,CLERE-SUR-LAYON,01.21Z
751297250,7.51E+13,,,,,5,RUE,CHOLETAISE-ST MACAIRE-EN-MAUGES,,49230,SEVREMOINE,46.34Z
751441411,7.51E+13,,,,,238,RUE,DE MONTFORT,,49700,DOUE-EN-ANJOU,01.21Z
751554254,7.52E+13,,,,,2,RUE,DE L'ECLUSE,MAURY,49700,DOUE-EN-ANJOU,01.21Z
751628850,7.52E+13,,,,,30,RUE,DU COUDRAY,,49260,LE COUDRAY-MACOUARD,01.21Z
751751520,7.52E+13,domaine-gauthier.fr,boutique@domaine-gauthier.fr,02 40 54 42 91,,19,,LA MAINGUIONIERE,,44190,SAINT-HILAIRE-DE-CLISSON,01.21Z
751828930,7.52E+13,,,09 77 71 98 33,,637,ROUTE,DE ROCHEFORT,,49190,DENEE,01.21Z
751906546,7.52E+13,,,,,22,ALLEE,SAINTE CATHERINE,,49590,FONTEVRAUD-L'ABBAYE,46.34Z
752121681,7.52E+13,,,,,57,IMPASSE,AMPERE,,85000,LA ROCHE-SUR-YON,46.34Z
752269811,7.52E+13,domaine-de-la-parentiere.fr,michel.menager@yahoo.fr,,,34,,LA PARENTIERE,,44330,VALLET,01.21Z
752325456,7.52E+13,,,02 41 74 66 69,,,RTE,DE ST AUBIN,LES SAULES,49290,CHAUDEFONDS-SUR-LAYON,01.21Z
752327379,7.52E+13,,,,,,,GRAND'RUE,,49400,VARRAINS,01.21Z
752385773,7.52E+13,lisebaccara.com,,05 46 96 21 98,,26,RUE,DES GRANDS BOIS,,85210,SAINT-MARTIN-LARS-EN-SAINTE-HERMINE,46.34Z
752649582,7.53E+13,domainedesbenedictins.fr,thermeau.benedictins@neuf.fr,02 41 52 27 25,,,,LES GALLEES,,49260,VAUDELNAY,01.21Z
752679258,7.53E+13,,,,,8,RUE,PERINELLE,SAINT LAMBERT DU LATTAY,49190,VAL-DU-LAYON,01.21Z
752691089,7.53E+13,leclosdesmailles.com,,02 41 54 21 66,,,,LES JAURAUX,BRISSAC QUINCE,49250,BRISSAC LOIRE AUBANCE,01.21Z
752771550,7.53E+13,,,02 40 80 46 25,,2,,LE VIVIER,,44330,LE PALLET,01.21Z
752852061,7.53E+13,,tessierbrunier@gmail.com,,,,,PIERRE FOLLE,,85320,ROSNAY,01.21Z
752910620,7.53E+13,,,,,,LD,LE PETIT BOIS BRUNEAU,,49230,SEVREMOINE,01.21Z
753024520,7.53E+13,domaine-de-rocheville.fr,contact@domaine-de-rocheville.fr,02 41 38 10 00,DOMAINE DE ROCHEVILLE,6,IMPASSE,DU FORT DES COURS,LES HAUTS DE VALBRUN,49730,PARNAY,46.34Z
753029677,7.53E+13,,,,,85,,CHANTEPIE,,44330,LE PALLET,46.34Z
753118694,7.53E+13,,,,,8,ROUTE,DES TUILERIES,LA CROIX DES LANDES,44430,LE LOROUX-BOTTEREAU,01.21Z
753126077,7.53E+13,domaine-du-verger-humeau.com,contact@humeaujusteau.fr,02 41 59 30 52,,8,RUE,DU COLOMBIER,LINIERES,49700,DOUE-EN-ANJOU,01.21Z
753191097,7.53E+13,calvez-bobinet.fr,sebastien.bobinet@orange.fr,02 41 67 62 50,DOMAINE BOBINET,315,ROUTE,DE MONTSOREAU,,49400,SAUMUR,46.34Z
753458629,7.53E+13,boissonsplus.fr,contact@boissonsplus.fr,,BOISSONS PLUS,10,RUE,DU CHAMP RENARD,LES ESSARTS-PA LA BELLE,85140,ESSARTS-EN-BOCAGE,46.34Z
753524453,7.54E+13,les12brasseries.com,,02 51 27 10 67,,3,RUE,DENIS PAPIN,,85400,LUCON,46.34Z
753990423,7.54E+13,buttonbutton.fr,william.black@buttonbutton.fr,,GUILLAUME NOIRE ELEMENTS,4,RUE,DE BRIANCON,RABLAY-SUR-LAYON,49380,BELLEVIGNE-EN-LAYON,46.34Z
775583248,7.76E+13,,maison_johanes_boubee@carrefour.com,05 57 62 43 00,,,,LA SAULAIE,,49700,DOUE-EN-ANJOU,46.34Z
785957887,7.86E+13,,,,,,LD,LA GIRAUDIERE,,44190,GORGES,01.21Z
785958083,7.86E+13,,,,,,,D ANGREVIERS,,44190,GORGES,01.21Z
785965641,7.86E+13,,,,,,LD,LA NOULIERE,,44440,JOUE-SUR-ERDRE,01.21Z
785966185,7.86E+13,,,,,,LD,LA BAZELLIERE,,44430,LE LANDREAU,01.21Z
785967902,7.86E+13,,,,,,LD,MALONNIERE,,44430,LE LOROUX-BOTTEREAU,01.21Z
785970013,7.86E+13,,,,,,LD,LA CHOLTIERE,,44690,MAISDON-SUR-SEVRE,01.21Z
785976655,7.86E+13,,,09 80 40 13 45,,,LD,SABLETTE,,44330,MOUZILLON,01.21Z
786084251,7.86E+13,,,,,,,LA NOE BEL AIR,CHATEAU DE LA NOE,44330,VALLET,01.21Z
786084384,7.86E+13,,,,,,,LE BEUGNON,,44330,VALLET,01.21Z
786132423,7.86E+13,,,,,,LD,BABLUT,,49250,BRISSAC LOIRE AUBANCE,01.21Z
786136614,7.86E+13,,,,,,LD,RAIMBAUDIERE,,49380,BELLEVIGNE-EN-LAYON,01.21Z
786139709,7.86E+13,,,,,,LD,LES ESSARTS,,49290,CHAUDEFONDS-SUR-LAYON,01.21Z
786155648,7.86E+13,,,,,,,CHATEAU DE VILLENEUVE,,49400,SOUZAY-CHAMPIGNY,01.21Z
786157909,7.86E+13,galloires.com,contact@galloires.com,02 40 98 20 10,,1,,LA GALLOIRE,DRAIN,49530,OREE-D'ANJOU,01.21Z
786160093,7.86E+13,,,,,,LD,LA PINSONNERIE,,49380,BELLEVIGNE-EN-LAYON,01.21Z
786160101,7.86E+13,,,,,,LD,LE VERGER,,49380,BELLEVIGNE-EN-LAYON,01.21Z
786173310,7.86E+13,,,,,,,DOMAINE DE LA CALONNIERE,MARTIGNE BRIAND,49380,TERRANJOU,01.21Z
786191676,7.86E+13,,,,,31,AVENUE,D'ANGERS,,49190,ROCHEFORT-SUR-LOIRE,01.21Z
786191692,7.86E+13,,,,,66,RUE,RENE GASNIER,,49190,ROCHEFORT-SUR-LOIRE,01.21Z
786191742,7.86E+13,,,,,19,RUE,RENE GASNIER,,49190,ROCHEFORT-SUR-LOIRE,01.21Z
786200063,7.86E+13,,,,,21,RUE,DU PONT BARRE,,49190,VAL-DU-LAYON,01.21Z
786200261,7.86E+13,,,,,32,RUE,DU PONT BARRE,,49190,VAL-DU-LAYON,01.21Z
786211375,7.86E+13,domaine-aux-moines.com,info@domaine-aux-moines.com,02 41 72 21 33,,,,LA ROCHE AUX MOINES,,49170,SAVENNIERES,01.21Z
786215608,7.86E+13,domainedestrottieres.com,,02 41 54 14 10,,,LD,TROTTIERES,,49380,BELLEVIGNE-EN-LAYON,01.21Z
786409680,7.86E+13,,,,,,,LA HEUVRIERE,,44190,GORGES,01.21Z
788166627,7.88E+13,famille-bougrier.fr,,02 54 71 09 61,LES CAVES DE LA NANTAISE,,,LES ROITELIERES,,44330,LE PALLET,46.34Z
788166627,7.88E+13,famille-bougrier.fr,,02 54 71 09 61,,,,LE PRE GOUPIL MESSEME,,49260,VAUDELNAY,46.34Z
788231298,7.88E+13,,,,,13,RUE,PASTEUR,,49190,VAL-DU-LAYON,01.21Z
788289692,7.88E+13,,,,,,,BOURG,,44330,MOUZILLON,01.21Z
788427862,7.88E+13,,,,,3,RUE,SUFFREN,,85350,L'ILE-D'YEU,01.21Z
788444487,7.88E+13,,,09 80 94 49 28,,4,RUE,DE BRIANCON,RABLAY SUR LAYON,49380,BELLEVIGNE-EN-LAYON,01.21Z
789498136,7.89E+13,,,,,50,,LE BOIS VIAUD,,44450,DIVATTE-SUR-LOIRE,01.21Z
789500808,7.90E+13,,,,,50,,LE BOIS VIAUD,,44450,DIVATTE-SUR-LOIRE,01.21Z
789744612,7.90E+13,laurent-boissons.fr,laurentboissons44@gmail.com,,,453,,LA CHALOUSIERE,,44330,VALLET,46.34Z
789905130,7.90E+13,,,,LES CHAMPS JUMEAUX,,,LE BOIS,,44370,MONTRELAIS,01.21Z
789923240,7.90E+13,,,,,,,LES SABLES,,49380,BELLEVIGNE-EN-LAYON,01.21Z
789958618,7.90E+13,jardindedouard.vin,,02 40 06 61 42,,,,LA PETITE JAUNAIE,,44690,CHATEAU-THEBAUD,01.21Z
790070528,7.90E+13,,,,,42,GR,GRANDE RUE,,44118,LA CHEVROLIERE,46.34Z
790188965,7.90E+13,closdelecotard.com,closdelecotard@laposte.net,09 79 38 61 93,OENOLIDAYS,,,CLOS DE L'ECOTARD,,49260,COURCHAMPS,01.21Z
790339345,7.90E+13,,,,,13,,LES LOGES,,44690,MONNIERES,01.21Z
790553762,7.91E+13,,,,,,,VALLET,,49380,BELLEVIGNE-EN-LAYON,01.21Z
790637664,7.91E+13,,,,,,,LE POIRIER,,44310,LA LIMOUZINIERE,01.21Z
790669998,7.91E+13,,,,,5,RUE,DE LA HUNAUDIERE,,49260,BELLEVIGNE-LES-CHATEAUX,01.21Z
791250475,7.91E+13,,,,,,,LA CENDRINERIE,,72340,MARCON,01.21Z
791337538,7.91E+13,,,,,,,LA LAITERIE,,49560,CLERE-SUR-LAYON,46.34Z
791506371,7.92E+13,domaineduboisrond.fr,vinsduboisrond@gmail.com,,,,,LA PETITE HOUSSAYE,,44540,VALLONS-DE-L'ERDRE,01.21Z
791590946,7.92E+13,,,,,4,RUE,SAINT JULIEN,,49260,LE PUY-NOTRE-DAME,01.21Z
791791288,7.92E+13,,,,,,,LA HALLOPIERE,,44690,MONNIERES,01.21Z
791907991,7.92E+13,,,,,3,IMP,DU BREIL,,44690,LA HAIE-FOUASSIERE,01.21Z
791969157,7.92E+13,,,,,,,LES PLANTYS DU ROTY,,44150,VAIR-SUR-LOIRE,01.21Z
791969330,7.92E+13,,,02 40 57 72 12,,,,LA TOUR GASSELIN,,44430,LE LANDREAU,01.21Z
791986201,7.92E+13,,,,,5,IMP,DES RUETTES,CORNU,49380,TERRANJOU,01.21Z
792654238,7.93E+13,,,,MAISON DEGROS,2,BOULEVARD,PAUL LANGEVIN,,44100,NANTES,46.34Z
792654238,7.93E+13,,,,,,,ZONE INDUSTRIELLE,ZI DES ACACIAS,44260,SAVENAY,46.34Z
792856817,7.93E+13,,,09 81 46 09 95,MARCHAND DE SAVEURS,,,LA JUIVERIE,,44800,ST-HERBLAIN,46.34Z
793089376,7.93E+13,,,,,13,LD,LA CONTRECHE,CHAMP SUR LAYON,49380,BELLEVIGNE-EN-LAYON,01.21Z
793114703,7.93E+13,,,,,,,LA GRANDE LANDE,,49460,CANTENAY-EPINARD,01.21Z
793222555,7.93E+13,,,,,,,LES GALBRUNIERES,,72340,BEAUMONT SUR DEME,01.21Z
793252743,7.93E+13,,,,,11,CHEMIN,DES GARENNES,,85470,BREM-SUR-MER,01.21Z
793373184,7.93E+13,,,,,,RUE,DE CHANTEMERLE,,44330,VALLET,01.21Z
793564337,7.94E+13,,,,,1,ROUTE,DU FOULOIR (RABLAY-SUR-LAYON),RABLAY-SUR-LAYON,49380,BELLEVIGNE-EN-LAYON,01.21Z
793816745,7.94E+13,,,,,,,LA PLANCHE,,49260,SAINT-MACAIRE-DU-BOIS,01.21Z
793820937,7.94E+13,,,,,,,,LE BOEUF HAIRE,49380,BELLEVIGNE-EN-LAYON,01.21Z
793968934,7.94E+13,,,,,,,LA LIAUMERIE,,49190,ROCHEFORT-SUR-LOIRE,01.21Z
793993650,7.94E+13,loirevinsdomaine.com,,,LOIRE VINS DOMAINE,31,RUE,JEAN ACKERMAN,,49400,SAUMUR,46.34Z
794089920,7.94E+13,,,,,31,RUE,JEAN ACKERMAN,,49400,SAUMUR,01.21Z
794507723,7.95E+13,,,02 41 78 38 25,,,,LES BLOUINES,,49750,BEAULIEU-SUR-LAYON,01.21Z
794531871,7.95E+13,,,,,527,RUE,DU CHATEAU,SANZIERS,49260,VAUDELNAY,01.21Z
794587394,7.95E+13,,,02 41 87 45 79,LA CERVOISERIE,54,BOULEVARD,DE LA ROMANERIE,,49124,SAINT-BARTHELEMY-D'ANJOU,46.34Z
794859710,7.95E+13,viadelsol.fr,compta@viadelsol.fr,02 28 44 21 74,,71,BOULEVARD,ALFRED NOBEL,,44400,REZE,46.34Z
794913269,7.95E+13,,,,,,ZA,LA PROMENADE,,49750,BEAULIEU-SUR-LAYON,01.21Z
795318229,7.95E+13,domainedubonrepos.fr,contact@domainedubonrepos.fr,02 41 45 46 17,,9,CHE,DE LA VARENNE D'ETIAU,,49120,CHEMILLE-EN-ANJOU,01.21Z
797492725,7.97E+13,,,,,4,RUE,SAINT HIPPOLYTE,,49260,SAINT-JUST-SUR-DIVE,01.21Z
797550266,7.98E+13,,,,,,,,MAUNITS,49320,LES GARENNES SUR LOIRE,01.21Z
797718186,7.98E+13,,,,LFI,10,CHEMIN,DE LA BRIANTIERE,,44360,VIGNEUX-DE-BRETAGNE,46.34Z
797977253,7.98E+13,,,,,,,LE CLOS DES FORGES,SAINT-AUBIN-DE-LUIGNE,49190,VAL-DU-LAYON,46.34Z
798046728,7.98E+13,,,,,19,RUE,LEOPOLD PALUSTRE,SAINT HILAIRE SAINT FLORENT,49400,SAUMUR,01.21Z
798946000,7.99E+13,,,,,10,RUE,DE LâAVENIR,,44330,LE PALLET,01.21Z
798961595,7.99E+13,,,,,78,RUE,DES CAVES,OIRE,49260,VAUDELNAY,01.21Z
799041280,7.99E+13,,,,,5,RUE,DE LA LOIRE,,44430,LE LANDREAU,01.21Z
799179437,7.99E+13,,,,,,,LES CHAILLOUX,,49380,BELLEVIGNE-EN-LAYON,01.21Z
799367032,7.99E+13,,,,,10,ROUTE,DES BOIS,FOSSE BELLAY,49700,CIZAY-LA-MADELEINE,01.21Z
799451158,7.99E+13,,,02 41 39 02 72,,,,LE TERTRE,,49110,MAUGES-SUR-LOIRE,01.21Z
799518311,8.00E+13,,,,HULISZ SZYMON,25,RUE,SAINT CHRISTOPHE,,49270,OREE-D'ANJOU,46.34Z
799555941,8.00E+13,,,,,4,RUE,DES VIGNERONS,,49400,SOUZAY-CHAMPIGNY,01.21Z
799620174,8.00E+13,,,02 41 44 90 89,,70,RUE,DU CANAL DE MONSIEUR,SAINT AUBIN DE LUIGNE,49190,VAL-DU-LAYON,01.21Z
799691902,8.00E+13,,,,,10,RTE,DU VIEUX MOULIN - L'HOMOIS,L'HOMOIS,49320,LES GARENNES SUR LOIRE,01.21Z
799897202,8.00E+13,,,,,35,,LES RATELLES,,44690,HAIE-FOUASSIERE (LA),01.21Z
800171589,8.00E+13,,,,,27,,LE GRAND CLOS,,49260,BELLEVIGNE-LES-CHATEAUX,01.21Z
800328270,8.00E+13,,,,,,,LES HAUTS MOUSSEAUX,,49260,SAINT-MACAIRE-DU-BOIS,01.21Z
800415556,8.00E+13,,,,,5,IMP,DU RUISSEAU,DAUVERS,72310,LOIR EN VALLEE,01.21Z
801680513,8.02E+13,domaenevincendeau.com,contact@domaenevincendeau.com,02 41 57 21 15,,,RTE,DE PORT GODARD LES LOMBARDIERES,L'ENCLOS,49190,ROCHEFORT-SUR-LOIRE,01.21Z
801928128,8.02E+13,,,,,,CHE,DE LA PIQUELLERIE,DOMAINE DU CLOS FREMUR,49130,STE GEMMES SUR LOIRE,01.21Z
802047795,8.02E+13,,,,,,,SAINT VINCENT,,49400,SAUMUR,01.21Z
802690453,8.03E+13,,,,,218,,BLANCHE LANDE NORD,,44521,OUDON,01.21Z
802690461,8.03E+13,domaineogereau.com,contact@domaineogereau.com,02 41 78 30 53,,44,RUE,DE LA BELLE ANGEVINE,,49190,VAL-DU-LAYON,01.21Z
802723288,8.03E+13,,,,,,,LA QUINTAINE,LA VIGNE DU GUE,44115,BASSE-GOULAINE,01.21Z
803008911,8.03E+13,,,02 40 06 98 57,,2,,LES BAS MORTIERS,,44190,GORGES,01.21Z
803047620,8.03E+13,,,,,16,,LES HAUTES HUAUDIERES,,72210,ROEZE-SUR-SARTHE,46.34Z
803097054,8.03E+13,,,,DOMAINE DE LA BELLE ETOILE,525,RUE,DE LA BELLE ETOILE,BRISSAC QUINCE,49250,BRISSAC LOIRE AUBANCE,01.21Z
803111376,8.03E+13,,,,NATUR HOUSE,56,RUE,D'ORLEANS,,49400,SAUMUR,46.34Z
803174861,8.03E+13,,,,,,,LE PETIT PLESSIS,,49270,OREE-D'ANJOU,01.21Z
803210616,8.03E+13,,,,MES VINS,15,RUE,DE LA PATOUILLERE,,44230,SAINT-SEBASTIEN-SUR-LOIRE,46.34Z
803629252,8.04E+13,,,,,6,RUE,DU BON REPOS,,49190,VAL-DU-LAYON,01.21Z
803629278,8.04E+13,,,,,,,LA COUPERIE,,49270,OREE-D'ANJOU,01.21Z
803658657,8.04E+13,,,,,15,,LA POULTIERE,,44521,OUDON,01.21Z
803668201,8.04E+13,,,,,11,RUE,DU CHAMP DE LA DOUVE,,49124,SAINT-BARTHELEMY-D'ANJOU,46.34Z
803776889,8.04E+13,,,,,,,MILLE,,49250,BRISSAC LOIRE AUBANCE,01.21Z
803805415,8.04E+13,jasnieres.fr,gdvsarthe@aol.com,02 43 44 00 72,,,,LA TOUCHE,,72340,MARCON,01.21Z
803847409,8.04E+13,,,,,12,RUE,DE LA PREE MOLLAY,,49260,SAINT-JUST-SUR-DIVE,01.21Z
803909696,8.04E+13,,,,,37,RUE,EMILE LANDAIS,,49260,BELLEVIGNE-LES-CHATEAUX,01.21Z
803926039,8.04E+13,domainedesbarres.com,,02 41 78 98 24,,1,,LES BARRES,,49190,VAL-DU-LAYON,01.21Z
803988534,8.04E+13,,,,,1,CHE,DE LA NOUE RONDE,ST GEORGES SUR LAYON,49700,DOUE-EN-ANJOU,01.21Z
804011104,8.04E+13,,,,,3,RUE,ROBERT D'ARBRISSEL,CHEMILLE MELAY,49120,CHEMILLE-EN-ANJOU,46.34Z
804504272,8.05E+13,,,,,,,CHAINTRE,LA ROCARDIERE,49400,SAUMUR,01.21Z
804629095,8.05E+13,,,,,,,LA LEVRAUDIERE,,44330,LA CHAPELLE-HEULIN,01.21Z
804733517,8.05E+13,,,,VINO VINI,1,RUE,DE LA BRIQUERIE,VILLEJAMES,44350,GUERANDE,46.34Z
804879039,8.05E+13,,,,,7,LD,LA BELTIERE,CHANZEAUX,49120,CHEMILLE-EN-ANJOU,01.21Z
807663430,8.08E+13,,,,,3,RUE,DE L'AUBINIERE,,44220,COUERON,01.21Z
807909874,8.08E+13,lasilve.com,contact@lasilve.com,,,3,BOULEVARD,DE L'INDUSTRIE,,49000,ECOUFLANT,46.34Z
807949755,8.08E+13,vins-independance.com,contact@vins-independance.com,02 40 63 46 94,,8,RUE,LEON GAUMONT,,44700,ORVAULT,46.34Z
808014062,8.08E+13,,,,GRAND MOUTON,,DOM,DU GRAND MOUTON,,44690,SAINT-FIACRE-SUR-MAINE,46.34Z
808022800,8.08E+13,,,,,,,GRAND BONNEZEAUX,,49380,BELLEVIGNE-EN-LAYON,01.21Z
808198576,8.08E+13,,,,,27,RUE,DES MAISONS NEUVES,,49400,SOUZAY-CHAMPIGNY,01.21Z
808902951,8.09E+13,,,,BLANC BULLES ROUGE ROSE,17,IMPASSE,DES ESSARTS,LA GUIBRETIERE,85000,LA ROCHE-SUR-YON,46.34Z
808952469,8.09E+13,,,,,13,RUE,SAINT VINCENT,RABLAY SUR LAYON,49380,BELLEVIGNE-EN-LAYON,01.21Z
808972558,8.09E+13,famillebonnin.com,,02 41 59 43 58,,4,CHE,DU VIGNOBLE,,49380,TERRANJOU,01.21Z
808982987,8.09E+13,,,,,79,IMPASSE,DU BOIS ROUAUD,LE BOIS ROUAUD,44330,MOUZILLON,01.21Z
809150048,8.09E+13,,,,,43,RUE,DU PUY,LES VERCHERS SUR LAYON,49700,DOUE-EN-ANJOU,46.34Z
809172257,8.09E+13,,,,,22,RUE,DE LA POSTE,,44690,MONNIERES,01.21Z
809435472,8.09E+13,leshulottes.fr,,,,80,IMPASSE,DES NYMPHEAS,,44300,NANTES,01.21Z
809534373,8.10E+13,,contact@coqliqo.com,02 43 50 26 94,,,BOULEVARD,SAINT NICOLAS,A L ANGLE DU,72190,COULAINES,46.34Z
810193888,8.10E+13,,,,,,,LES PAQUERIES,,72300,PARCE SUR SARTHE,01.21Z
810281105,8.10E+13,,,,,,,LA GRANGE,,44330,MOUZILLON,01.21Z
810307769,8.10E+13,,contact@les-jules.com,02 51 07 76 30,LES JULES,44,PLACE,DE L'EGLISE,,85140,SAINT-MARTIN-DES-NOYERS,46.34Z
810535435,8.11E+13,,,,,72,RUE,DE LA PALEINE,SAINT CYR EN BOURG,49260,BELLEVIGNE-LES-CHATEAUX,01.21Z
810565234,8.11E+13,,,,,37,IMPASSE,DU PETIT BRANDEAU,,85300,LE PERRIER,46.34Z
810565440,8.11E+13,,,,,13,CHEMIN,DE LA MONNAIE,,49170,SAVENNIERES,01.21Z
810705822,8.11E+13,,,,,25,RUE,RABLAY,SAINT LAMBERT DU LATTAY,49190,VAL-DU-LAYON,01.21Z
810770081,8.11E+13,,,,,,,L'ORGERE,,85170,SAINT-DENIS-LA-CHEVASSE,01.21Z
810776765,8.11E+13,,,,,173,RTE,DE LA CROCHETTE,ST SATURNIN SUR LOIRE,49250,BRISSAC LOIRE AUBANCE,01.21Z
810978320,8.11E+13,crugorges.com,,,,2,PLACE,DE LA FOSSE,LE SAUZAY,44190,CLISSON,01.21Z
811107416,8.11E+13,,,,,,,LA NOUE,,49560,CLERE-SUR-LAYON,01.21Z
811194810,8.11E+13,les-grands-crus-classes.fr,contact@les-grands-crus-classes.fr,02 44 36 17 92,,7,BOULEVARD,DE LA GARE,,85300,CHALLANS,46.34Z
811288687,8.11E+13,,,,,,,LES MOULINS DE VILLENEUVE,,49380,TERRANJOU,01.21Z
811476639,8.11E+13,,,,,3,RUE,VOLNEY,,49400,SAUMUR,01.21Z
811521517,8.12E+13,domaine-saint-nicolas.com,,02 51 33 13 04,,,,LES CLOUS,,85340,L'ILE-D'OLONNE,46.34Z
811636588,8.12E+13,,,,SUPPRESSION DU NOM COMMERCIAL,,LD,HERPINIERE,,49730,TURQUANT,01.21Z
811736651,8.12E+13,vinilibre.com,,,VINILIBRE,11,,LE BAS FIEF,,44190,GORGES,46.34Z
811887462,8.12E+13,,,,,5,IMPASSE,BERNARD DE TIRON,FERME DE L'ABBAYE D'ASNIERES,49700,CIZAY-LA-MADELEINE,01.21Z
811970771,8.12E+13,,,,,5,RUE,DE LA CERISAIE LES CAVES,,49260,LE PUY-NOTRE-DAME,01.21Z
812081883,8.12E+13,,,,,10,,LA COUILLAUDAIS,,44140,LE BIGNON,01.21Z
812142149,8.12E+13,,,,,1432,CHEMIN,DES TROIS ECHELLES,,49130,SAINTE-GEMMES-SUR-LOIRE,46.34Z
812178184,8.12E+13,,,,,31,RUE,DU BOURG NEUF,,49400,VARRAINS,01.21Z
812232445,8.12E+13,,,,,3,RTE,DE MARTIGNE BRIAND,,49700,DOUE-EN-ANJOU,01.21Z
812342939,8.12E+13,,,,,95,CHE,DE BEAUSEJOUR,,49270,OREE-D'ANJOU,01.21Z
812504256,8.13E+13,,,,,,,LES GALBRUNIERES,,72340,BEAUMONT SUR DEME,01.21Z
812516979,8.13E+13,,,,,479,RUE,DES ARDILLAIS,,49260,VAUDELNAY,01.21Z
812551547,8.13E+13,,,,,479,RUE,DES ARDILLAIS,,49260,VAUDELNAY,01.21Z
812565075,8.13E+13,hery-vigneron.com,hery.vigneron@orange.fr,02 41 91 22 76,,,,ORGIGNE,,49250,BRISSAC LOIRE AUBANCE,01.21Z
812683837,8.13E+13,,,,,,,LE PERRAY,,49380,TERRANJOU,01.21Z
812711174,8.13E+13,,,,DOMAINE DU MOULIN DE BEAUREGARD,8,RTE,DE FAYE D'ANJOU,THOUARCE,49380,BELLEVIGNE-EN-LAYON,01.21Z
812737476,8.13E+13,,,,,1,IMPASSE,DE ROUJOU,,49730,TURQUANT,01.21Z
812753846,8.13E+13,,,,,,,LA CHAUVINIERE,,44690,CHATEAU-THEBAUD,01.21Z
812783447,8.13E+13,,,,,2,CHEMIN,DES PIECES,BRON,49260,LE COUDRAY-MACOUARD,01.21Z
812845485,8.13E+13,,,,,10,,LA GETIERE,,44270,PAULX,01.21Z
812853067,8.13E+13,,,,,2,RUE,DU MOULIN CHATEAU-GAILLARD,,49730,TURQUANT,01.21Z
812902633,8.13E+13,,,,,1,RUE,DES BOUCHES D'OR,,49250,BRISSAC LOIRE AUBANCE,01.21Z
812926186,8.13E+13,,,,,,,LA HERSONNIERE,,44330,VALLET,01.21Z
812973782,8.13E+13,,,,,3,RUE,DU ROCHER,,49310,LYS-HAUT-LAYON,01.21Z
812975092,8.13E+13,,,,,11,RUE,DU CALVAIRE,,44690,LA HAIE-FOUASSIERE,01.21Z
812990877,8.13E+13,domaine-du-verger.com,contact@domaine-du-verger.com,,,,,LE VERGER,,49380,BELLEVIGNE-EN-LAYON,01.21Z
813008752,8.13E+13,,,02 40 36 23 30,,,,LA GUIPIERE,LIEU DIT,44330,VALLET,01.21Z
813094612,8.13E+13,,,02 41 38 97 36,,478,ROUTE,DE MONTSOREAU,,49400,SAUMUR,01.21Z
813419553,8.13E+13,genaiserie.com,,02 41 54 38 82,VERTHEMIS INTERNATIONAL,,,CHATEAU DE LA GENAISERIE,,49190,VAL-DU-LAYON,46.34Z
813704236,8.14E+13,,,,,,,LA GUIPIERE,,44330,VALLET,46.34Z
813806528,8.14E+13,,,,,4,RUE,SAINT VINCENT,,49260,BELLEVIGNE-LES-CHATEAUX,01.21Z
814183323,8.14E+13,,,,,5,,VILLAGE DE LA ROCHE COUTANT,,49310,LYS-HAUT-LAYON,01.21Z
814208153,8.14E+13,,,,,2,RUE,SAINT LOUIS,FAVERAYE MACHELLES,49380,BELLEVIGNE-EN-LAYON,01.21Z
814390480,8.14E+13,chateaudebonnezeaux.fr,,02 41 57 84 30,,,,LE PETIT BONNEZEAUX,CHATEAU DE BONNEZEAUX,49380,BELLEVIGNE-EN-LAYON,01.21Z
814598207,8.15E+13,moulindelhorizon.com,,02 41 52 25 52,,11,RUE,SAINT-VINCENT,SANZIERS,49260,LE PUY-NOTRE-DAME,01.21Z
814613964,8.15E+13,,,,,,,CHATEAU DE BENEHARD,,72340,CHAHAIGNES,01.21Z
814897088,8.15E+13,,,,,,,LE MOULIN DE GOULAINE,,44430,LE LANDREAU,01.21Z
814922472,8.15E+13,,,,,4,RUE,PIERRE GUYARD,,49260,LE PUY-NOTRE-DAME,01.21Z
814925764,8.15E+13,,,,,7,LD,LA GAUTERIE,,49190,VAL-DU-LAYON,01.21Z
814989901,8.15E+13,,,,,48,,LA GOBINIERE,,44330,VALLET,01.21Z
815157318,8.15E+13,,,,,3,RUE,DES PICARDS,,49260,LE PUY-NOTRE-DAME,01.21Z
815169370,8.15E+13,,,,,2,LOT,DES MARGUERITES,CHAVAGNES LES EAUX,49380,TERRANJOU,01.21Z
815229828,8.15E+13,,,,,2,RUE,SAINT AVERTIN,LUIGNE,49250,BRISSAC LOIRE AUBANCE,01.21Z
815290770,8.15E+13,,,,,100,RUE,PORTE SAINT JEAN,,49260,MONTREUIL-BELLAY,01.21Z
815317813,8.15E+13,,,,V AND B EVENT,46,RUE,DE LA ROBERDERIE,AZE,53200,CHATEAU-GONTIER-SUR-MAYENNE,46.34Z
815388996,8.15E+13,,,,,,ROUTE,DE LA LIMOUZINIERE,BRETAUDIERES,44310,SAINT-PHILBERT-DE-GRAND-LIEU,46.34Z
817961311,8.18E+13,,,,,,,LA VARANNE DE SALVERT,,72340,LHOMME,01.21Z
817997166,8.18E+13,,,,SPIRIT LATIN PISCO,214,BOULEVARD,JULES VERNE,,44300,NANTES,46.34Z
818150427,8.18E+13,,,,,4,RUE,DES MOULINS,,44690,MONNIERES,01.21Z
818317539,8.18E+13,,,,,1,RUE,DE LA CAVE HERPIN,SAINT CYR EN BOURG,49260,BELLEVIGNE-LES-CHATEAUX,01.21Z
818498602,8.18E+13,chateaubelmar.fr,contact@chateaubelmar.fr,02 43 33 23 46,,,LD,NOE PENLOUP,ROUTE DEPARTEMENTALE 311,72600,SAINT-LONGIS,01.21Z
818498602,8.18E+13,chateaubelmar.fr,contact@chateaubelmar.fr,02 43 33 23 46,,44,RUE,DE CINQ ANS,,72600,MAMERS,01.21Z
818752594,8.19E+13,,,,,,,GUETTE LOUP,,44690,CHATEAU-THEBAUD,01.21Z
818839029,8.19E+13,,,,,14,RUE,SAINT VINCENT SANZIERS,,49260,LE PUY-NOTRE-DAME,01.21Z
818860512,8.19E+13,,,,,1,BOULEVARD,DâALATRI,RECOUVRANCE,44190,GETIGNE,46.34Z
818879413,8.19E+13,,,,,4,,LA MAISON NEUVE,,44840,LES SORINIERES,46.34Z
819195546,8.19E+13,,,,2P2N EXPORT,27,RUE,DES CALVAIRES,LOG A19,44800,SAINT-HERBLAIN,46.34Z
819228719,8.19E+13,chateaudesuronde.com,kathleen@chateaudesuronde.com,02 41 78 66 37,,660,CHEMIN,DE SURONDE,,49190,ROCHEFORT-SUR-LOIRE,01.21Z
819248733,8.19E+13,vignoble-49-martinet.fr,vignoble-martinet@orange.fr,,,1,RUE,DU MARTINET,,49750,BEAULIEU-SUR-LAYON,01.21Z
819334483,8.19E+13,,,,,4,RUE,PIERRE GUYARD,,49260,LE PUY-NOTRE-DAME,46.34Z
819441817,8.19E+13,,,,,25,RUE,RABELAIS,ST LAMBERT DU LATTAY,49190,VAL-DU-LAYON,01.21Z
819553041,8.20E+13,,,,CEP-LOIRE,34,,LA MINIERE,,44690,MONNIERES,46.34Z
819733213,8.20E+13,lapetitecavesgb.com,,,,17,RUE,DE CHERUME,,53100,SAINT-GEORGES-BUTTAVENT,46.34Z
819761644,8.20E+13,,,,,59,RUE,DE LA POMASSE,MESSEME,49260,VAUDELNAY,01.21Z
819771734,8.20E+13,,,,,29,CHEMIN,DE L'EJEUNE,,49290,CHAUDEFONDS-SUR-LAYON,01.21Z
819817966,8.20E+13,,,,,,,LA MILSANDIERE,,44690,CHATEAU-THEBAUD,01.21Z
819890302,8.20E+13,vinsetcaudalies.com,contact@vinsetcaudalies.com,02 51 42 12 64,,118,RUE,PRINCIPALE,,85000,MOUILLERON-LE-CAPTIF,46.34Z
820039535,8.20E+13,,,,,32,RUE,DE L'HERBRAY,,44120,VERTOU,01.21Z
820187946,8.20E+13,,,,,,,LA PANCARTE,ZA DE LA PANCARTE,44390,NORT SUR ERDRE,46.34Z
820229540,8.20E+13,,,,,,,LA BLANCHETIERE,,44430,LE LOROUX-BOTTEREAU,01.21Z
820442382,8.20E+13,,,,,,,LE COING,,44690,SAINT-FIACRE-SUR-MAINE,01.21Z
820693364,8.21E+13,,,,,138,RTE,DE FORCE - LIEU DIT LA PLAINE,,53170,BAZOUGERS,46.34Z
820737302,8.21E+13,,,,,4,RUE,DE L'ARGURAY,,49260,LE PUY-NOTRE-DAME,01.21Z
820831907,8.21E+13,,,,,71,RUE,DES AVENEAUX,LA GRANGE,44330,MOUZILLON,01.21Z
820843787,8.21E+13,vin-austral.fr,contact@vin-austral.fr,,,35,RUE,DU PUY,LES VERCHERS SUR LAYON,49700,DOUE-EN-ANJOU,01.21Z
821145489,8.21E+13,,,,,,LD,BELLE ROCHE,CHANZEAUX,49120,CHEMILLE-EN-ANJOU,46.34Z
821160421,8.21E+13,,,,,11,RUE,BISSON,,85100,LES SABLES D'OLONNE,46.34Z
821324126,8.21E+13,,,,,,,FESLE,,49250,BRISSAC LOIRE AUBANCE,01.21Z
821401999,8.21E+13,,,,,6,RUE,DU PINEAU CHATEAU LA TOMAZE,CHAMP SUR LAYON,49380,BELLEVIGNE-EN-LAYON,01.21Z
821563970,8.22E+13,,,,,4,RUE,DE DIEUZIE MARTREAU,,49190,ROCHEFORT-SUR-LOIRE,01.21Z
821580941,8.22E+13,,,,,76,RUE,DE LA BELLE ANGEVINE,SAINT-LAMBE,49190,VAL-DU-LAYON,01.21Z
822250106,8.22E+13,,,,,36,,LA PEPIERE,36 LA PEPIERE,44690,MAISDON-SUR-SEVRE,46.34Z
822810370,8.23E+13,domainedeschampsfleuris.com,contact@champsfleuri.terredepixels.sit,02 41 38 10 92,,54,RUE,DES MARTYRS,,49730,TURQUANT,01.21Z
822813812,8.23E+13,,,,,,,BONNEZEAUX,THOUARCE,49380,BELLEVIGNE-EN-LAYON,01.21Z
822864989,8.23E+13,desdamoiselles.fr,,,,6,CHEMIN,DES FREMONCLAIRES,,49730,TURQUANT,01.21Z
822864989,8.23E+13,desdamoiselles.fr,,,,,,LE FIEF GARNIER,,49400,SOUZAY-CHAMPIGNY,01.21Z
822989992,8.23E+13,,,,ENTREPRISE INDIVIDUELLE MAEL TANNOU,35,RUE,DU VIEUX LERAT,,44420,PIRIAC-SUR-MER,01.21Z
823219233,8.23E+13,,,,,102,RUE,LEON DE RODAY,,49260,VAUDELNAY,01.21Z
823281084,8.23E+13,montgilet.com,montgilet@wanadoo.fr,02 41 91 90 48,FAMILLE LEBRETON,10,CHEMIN,DE MONTGILET,JUIGNE SUR LOIRE,49610,LES GARENNES SUR LOIRE,46.34Z
823497946,8.23E+13,,,,BRASSERIE DE LA FORET,,LD,LE DEBAT,,72500,JUPILLES,46.34Z
823957311,8.24E+13,,,,GALLOWAY,,LD,LA BRARDIERE,,49220,LA JAILLE-YVON,46.34Z
824090757,8.24E+13,,,,,3,CHEMIN,DES BOURNAYES,,49400,SOUZAY-CHAMPIGNY,01.21Z
824109524,8.24E+13,,,,,15,RUE,DE LA REPUBLIQUE,,85350,L'ILE-D'YEU,46.34Z
824109524,8.24E+13,,,,,14,RUE,DU NORD,,85350,L'ILE-D'YEU,46.34Z
824737142,8.25E+13,,,,,11,RUE,DES GUERANDAIS,,49370,SAINT-CLEMENT-DE-LA-PLACE,01.21Z
824962278,8.25E+13,,,,,86,RUE,DE LA MAINGUAIS,,44470,CARQUEFOU,46.34Z
825045248,8.25E+13,,,,,2,RTE,DE BROSSAY,MONTFORT,49700,DOUE-EN-ANJOU,01.21Z
825290778,8.25E+13,,,,,38,RUE,DE L'EGLISE,DAMPIERRE SUR LOIRE,49400,SAUMUR,01.21Z
825331002,8.25E+13,queduvin.fr,tanguypoirier@queduvin.fr,02 51 05 19 12,QUE DU VIN ,,,,,,,
825395437,8.25E+13,,,02 40 13 24 69,BRANGER,32,RUE,DE LA GRELIERE,,44120,VERTOU,46.34Z
827666462,8.28E+13,,,,GUILLONNEAU,2,ALLEE,DES SABLONNETTES,RABLAY SUR LAYON,49750,BELLEVIGNE-EN-LAYON,01.21Z
827757972,8.28E+13,,,,,25,RUE,LENEPVEU,CHEZ WEFORGE,49100,ANGERS,46.34Z
828198721,8.28E+13,,,,CRAFT WINE AND BEER,3,RUE,DE L'EGLISE,,53200,MENIL,46.34Z
828535773,8.29E+13,,,,BELLES BOUTEILLES,25,RUE,LENEPVEU,,49100,ANGERS,46.34Z
828646281,8.29E+13,,,09 84 56 96 76,,405,,LA HAIE TROIS SOUS,,44690,MAISDON-SUR-SEVRE,01.21Z
828771782,8.29E+13,,,,,,,LA TOUCHE,,44330,VALLET,01.21Z
828786871,8.29E+13,,,,,10,,LE HAUT PLANTY,,44430,LE LANDREAU,01.21Z
828891432,8.29E+13,,,,,,RUE,DELAUNAY,CHAMP SUR LAYON,49380,BELLEVIGNE-EN-LAYON,01.21Z
829017227,8.29E+13,,,,,26,RTE,DES HAUTES TOUCHES,RUILLE SUR LOIR,72310,LOIR EN VALLEE,01.21Z
829047588,8.29E+13,,,,CRAFT SPIRIT,19,AV,DE SAINT FORT,,53200,CHATEAU-GONTIER-SUR-MAYENNE,46.34Z
829171263,8.29E+13,,,,,21,,MONTBENAULT VILLAGE,FAYE D'ANJOU,49380,BELLEVIGNE-EN-LAYON,01.21Z
829252188,8.29E+13,,,02 40 31 18 22,,17,,LA SIMPLERIE,,44190,GORGES,01.21Z
829301613,8.29E+13,anthocyanes.fr,linknomads@gmail.com,,,4,ALL,DE LA FORET,VERN D'ANJOU,49220,ERDRE-EN-ANJOU,46.34Z
829360213,8.29E+13,,,,,,LD,LA RATERIE,VAUCHRETIEN,49250,BRISSAC LOIRE AUBANCE,01.21Z
829436674,8.29E+13,,chateau.bois-brincon@orange.fr,02 41 57 19 62,,,,LE BOIS BRINCON,BLAISON GOHIER,49320,BLAISON-SAINT-SULPICE,01.21Z
829556679,8.30E+13,,,,,,,CHAUMONT,,49730,MONTSOREAU,01.21Z
829614163,8.30E+13,,,,,19,RUE,LEOPOLD PALUSTRE,SAINT HILAIRE SAINT FLORENT,49400,SAUMUR,01.21Z
829980572,8.30E+13,,,,,3,RUE,DU TISSERAND CORNU,MARTIGNE BRIAND,49380,TERRANJOU,01.21Z
830026076,8.30E+13,,,,LES ROCHELLES,,CHE,DES ROCHELLES,SAINT JEAN DES MAUVRETS,49320,LES GARENNES SUR LOIRE,46.34Z
830081139,8.30E+13,,,,,30,,LA BIGOTIERE,30 LA BIGOTIERE,44690,MAISDON-SUR-SEVRE,46.34Z
830122529,8.30E+13,,,,,527,RUE,DU CHATEAU,SANZIERS,49260,VAUDELNAY,01.21Z
830256467,8.30E+13,,,,,,,LA PETITE DOUBLONNIERE,,49170,SAVENNIERES,46.34Z
830256467,8.30E+13,,,,BERET ET COMPAGNIE,6,ROUTE,DE SAINT-MACAIRE,,49260,LE PUY-NOTRE-DAME,46.34Z
830356572,8.30E+13,,,,DE LA FUENTE SELECCION,98,RUE,AUGUSTE GARNIER,LE RELAIS DE LA BARBINIERE,44120,VERTOU,46.34Z
830636122,8.31E+13,,,,,,,LA HAUTE FONTAINE,,49560,CLERE-SUR-LAYON,01.21Z
830727020,8.31E+13,domainelelais.com,vins@domainelelais.com,02 43 79 09 59,,41,RTE,DE PONCE,LOIR EN VALLEE,72310,LOIR EN VALLEE,01.21Z
830733051,8.31E+13,logisticave.fr,contact@logisticave.fr,02 40 06 61 27,,3,RUE,EIFFEL,,44140,AIGREFEUILLE-SUR-MAINE,46.34Z
830890059,8.31E+13,,,,,10,,LA VRILLONNIERE,,44430,LE LANDREAU,46.34Z
831017066,8.31E+13,leaetchristophemenard.fr,,,,22,ROUTE,DE BOURGUEIL,,49650,BRAIN-SUR-ALLONNES,01.21Z
831102660,8.31E+13,,,,,,,VERSILLE,ST JEAN DES MAUVRETS,49320,LES GARENNES SUR LOIRE,01.21Z
831157037,8.31E+13,,,,,,,LES VARANNES,MARTIGNE BRIAND,49380,TERRANJOU,01.21Z
831236633,8.31E+13,,,,,14,RUE,HAUTE ROCHE,,44000,NANTES,46.34Z
831275607,8.31E+13,,,,,13,RUE,DU LAYON,TIGNE,49310,LYS-HAUT-LAYON,01.21Z
831480025,8.31E+13,,,02 41 54 39 11,,,,LES NOUES,THOUARCE,49380,BELLEVIGNE-EN-LAYON,01.21Z
831649769,8.32E+13,,,,,,,LA CROIX,,49170,SAINT-GERMAIN-DES-PRES,46.34Z
831757547,8.32E+13,,,,,,LD,CHASSELOIR,,44690,SAINT-FIACRE-SUR-MAINE,01.21Z
831845979,8.32E+13,,,,,8,RUE,DES PIVOINES,OLONNE SUR MER,85100,LES SABLES D'OLONNE,46.34Z
832020044,8.32E+13,juchepie.fr,contact@juchepie.fr,02 41 54 33 47,,,,LES QUARTS,FAYE D'ANJOU,49380,BELLEVIGNE-EN-LAYON,01.21Z
832059018,8.32E+13,,,,,17,RUE,DU LYS,,49310,MONTILLIERS,01.21Z
832319214,8.32E+13,,,,,17,,MONTEE SAINT SAUVEUR,BLAISON GOHIER,49320,BLAISON-SAINT-SULPICE,01.21Z
832467344,8.32E+13,,,,,118,,LE VAL FLEURY,,44430,LE LOROUX-BOTTEREAU,46.34Z
832569248,8.33E+13,,,,,424,,CHATEAU DE LESNERAC,LA FERME DU CHATEAU,44500,LA BAULE-ESCOUBLAC,46.34Z
832569248,8.33E+13,,,,,69,AVENUE,HENRI BERTHO,,44500,LA BAULE-ESCOUBLAC,46.34Z
832628176,8.33E+13,domaindegaubourg.com,,,DOMAINE DE GAUBOURG,1,CHEMIN,DE GAUBOURG,,49610,SAINT-MELAINE-SUR-AUBANCE,01.21Z
832906986,8.33E+13,domainedesclostiers.fr,domainedesclostiers@gmail.com,02 41 03 68 11,DOMAINE DES CLOSTIERS,6,RUE,CHANOINE COLONEL PANAGET,MARTIGNE BRIAND,49380,TERRANJOU,01.21Z
833177462,8.33E+13,loreedusabia.com,,02 51 96 30 61,,3,RUE,DE LA FONTAINE,,85470,BREM-SUR-MER,01.21Z
833177462,8.33E+13,loreedusabia.com,,02 51 96 30 61,,10,RUE,DE LA JAGOISE,,85470,BREM-SUR-MER,01.21Z
833325640,8.33E+13,,,,,52,BOULEVARD,DE L'EGALITE,,44100,NANTES,46.34Z
833452923,8.33E+13,,,,,,,LA CROIX DE LA BROSSE,LES PERRIERES LA CROIX DE LA BROSSE,44690,SAINT-FIACRE-SUR-MAINE,46.34Z
833480197,8.33E+13,,,,,3,RUE,ST LAURENT,VALANJOU,49120,CHEMILLE-EN-ANJOU,01.21Z
833874498,8.34E+13,,,,,,RTE,DE SAUMOUSSAY,LA PERRIERE,49260,BELLEVIGNE-LES-CHATEAUX,01.21Z
833960438,8.34E+13,,,,LA CERVOISERIE,3,RUE,DU LAC ERIE,ZAC DE L'ECUYERE,49300,CHOLET,46.34Z
834074874,8.34E+13,,,,,10,ROUTE,DE LA POSSONNIERE,,49170,SAVENNIERES,01.21Z
834133761,8.34E+13,,,,,,,LA LEVRAUDERIE,,44330,MOUZILLON,01.21Z
834423238,8.34E+13,chopenco.fr,contact@chopenco.fr,02 51 14 76 73,,35,RUE,EDOUARD BRANLY,,44150,ANCENIS-SAINT-GEREON,46.34Z
834541146,8.35E+13,,,,,10,,LA HALLOPIERE,,44690,MONNIERES,01.21Z
834687600,8.35E+13,domaines-landron.fr,bonjour@mineral-agency.com,02 40 54 83 27,,,,LES LANDES DEVIN,,44690,CHATEAU-THEBAUD,01.21Z
834687980,8.35E+13,,,02 40 33 95 62,,1002,ROUTE,DE L'AIGUILLETTE,L'AIGUILLETTE,44330,MOUZILLON,01.21Z
834690463,8.35E+13,,,,,,,ZA DU MILON II LA GRANDE CASSE,CHAVAGNES,49380,TERRANJOU,01.21Z
834695777,8.35E+13,,,,,17,RUE,RABELAIS,,49750,VAL-DU-LAYON,01.21Z
835010372,8.35E+13,,,,,2,RUE,DE LA TOUCHE,TIGNE,49310,LYS-HAUT-LAYON,01.21Z
835058264,8.35E+13,,,,,10,RUE,DE L'ORATOIRE,FAVERAYE-MACHELLES,49380,BELLEVIGNE-EN-LAYON,01.21Z
835082066,8.35E+13,,,,,,,LA RECIVIERE,,44330,MOUZILLON,01.21Z
835400086,8.35E+13,,,,,,,MONBENAULT,FAYE D'ANJOU,49380,BELLEVIGNE-EN-LAYON,01.21Z
837756303,8.38E+13,,,,AGV,4,RUE,SAINT-MICHEL,,44350,GUERANDE,46.34Z
837776335,8.38E+13,,,,,8,RUE,D'ANJOU,TANCOIGNE,49310,LYS-HAUT-LAYON,01.21Z
838180800,8.38E+13,,,,,11,RUE,DU 8 MAI 1944,MARTIGNE BRIAND,49380,TERRANJOU,01.21Z
838340032,8.38E+13,,,,,13,RUE,DE LA CROIX GASCHET,TIGNE,49310,LYS-HAUT-LAYON,01.21Z
838468445,8.38E+13,emily-valentine.fr,,,,5,PLACE,MARECHAL FOCH,,44000,NANTES,46.34Z
838602928,8.39E+13,vinarius-negoce.com,ch.cousseau@vinaccus.com,02 53 73 97 89,VINARIUS,5,RUE,DE L AVENIR ZAE DE L HORIZON,,85130,LA GAUBRETIERE,46.34Z
838732097,8.39E+13,bieres-nao.fr,contact@bieres-nao.fr,02 51 88 90 36,,2,RUE,ALBERT DE DION,,44360,VIGNEUX-DE-BRETAGNE,46.34Z
838732097,8.39E+13,bieres-nao.fr,contact@bieres-nao.fr,02 51 88 90 36,,,,LE GRAND CRELIN,,44410,SAINT-LYPHARD,46.34Z
838766723,8.39E+13,,,,,5,,LA GUIMARDIERE,FAVERAYE MACHELLES,49380,BELLEVIGNE-EN-LAYON,01.21Z
838819407,8.39E+13,vignobledelabate.com,vignobledelabate@gmail.com,02 41 64 90 95,,7,LD,LA BATE,LA JUMELLIERE,49120,CHEMILLE-EN-ANJOU,01.21Z
838839041,8.39E+13,,,,LA CAVE DU MOULIN,,,LE PONT ANGELIER,,85550,BARRE-DE-MONTS (LA),46.34Z
838844363,8.39E+13,,,,,1,IMPASSE,DU FORT DES COURS,,49730,PARNAY,01.21Z
838922714,8.39E+13,,,,,332,RUE,DE LA SOCIETE,TREZE,49260,MONTREUIL-BELLAY,01.21Z
839024569,8.39E+13,,,,,4,,IMPASSE SANS SOUCIS,TIGNE,49310,LYS-HAUT-LAYON,01.21Z
839045879,8.39E+13,,,,MES VIGNERONS A MA MAISON,25,RUE,DES MOUETTES,,85340,L'ILE-D'OLONNE,46.34Z
839068889,8.39E+13,,,,,3586,ROUTE,DES HAUTS DE CHAUME,ST AUBIN DE LUIGNE,49750,VAL-DU-LAYON,01.21Z
839127289,8.39E+13,,,,,,,GRANDFOND,,49260,BELLEVIGNE-LES-CHATEAUX,01.21Z
839144649,8.39E+13,,,,,,,GRANDFOND,,49260,BELLEVIGNE-LES-CHATEAUX,01.21Z
839188786,8.39E+13,,guillaume@manoirdelateterouge.com,02 41 38 76 43,,1,CHEMIN,DES VERCHERS,,49260,LE PUY-NOTRE-DAME,01.21Z
839845211,8.40E+13,biere-teub.fr,biere.teub@gmail.com,02 41 37 50 53,,5,RUE,DU BOURG DE PAILLE,,49070,BEAUCOUZE,46.34Z
839927449,8.40E+13,,,,,,LD,LA PARENTERIE,,49190,ROCHEFORT-SUR-LOIRE,01.21Z
839927449,8.40E+13,,,,,18,RUE,RABELAIS,ST LAMBERT DU LATTAY,49190,VAL-DU-LAYON,01.21Z
840125579,8.40E+13,,,,,,LD,ROCHE BLANCHE,,49170,LA POSSONNIERE,01.21Z
840137210,8.40E+13,,,,,,,LA CHESNAIE,FAVERAYE MACHELLES,49380,BELLEVIGNE-EN-LAYON,01.21Z
840802151,8.41E+13,,,,,,,LA CHAUVIERE,ST LAMBERT DU LATTAY,49190,VAL-DU-LAYON,01.21Z
840860829,8.41E+13,,,,,19,RUE,SAINT-VINCENT,SAINT LAMBERT DU LATTAY,49190,VAL-DU-LAYON,46.34Z
841118250,8.41E+13,,,02 41 78 68 74,,19,RUE,SAINT VINCENT,SAINT LAMBERT DU LATTAY,49190,VAL-DU-LAYON,01.21Z
841193105,8.41E+13,,,,,,,LA GRANDE BROSSE,ST AUBIN DE LUIGNE,49190,VAL-DU-LAYON,01.21Z
841193253,8.41E+13,,,,,2,RTE,DE LA HARDIERE,CHAMP SUR LAYON,49380,BELLEVIGNE-EN-LAYON,01.21Z
841393689,8.41E+13,,,,,110,RUE,DE LA PALEINE,,49260,BELLEVIGNE-LES-CHATEAUX,01.21Z
841456908,8.41E+13,,,,,29,RUE,DES MARTYRS,,49730,TURQUANT,01.21Z
841509136,8.42E+13,boutique.domainedesgiraudieres.com,roulletdo@orange.fr,02 41 91 24 00,,751,RUE,DES GIRAUDIERES,VAUCHRETIEN,49320,BRISSAC LOIRE AUBANCE,01.21Z
841510985,8.42E+13,,,,,1,RUE,DE LA CERISAIE,LIEU-DIT LES CAVES,49260,LE PUY-NOTRE-DAME,01.21Z
841512254,8.42E+13,domainedesroseraies.fr,vincent_6000@hotmail.fr,02 41 78 52 63,,3,CHE,DES ROSERAIES,SAINT AUBIN DE LUIGNE-LA HAIE LONGIUE,49190,VAL-DU-LAYON,01.21Z
841532336,8.42E+13,anjoudemon.fr,akcg@anjoudemon.fr,,,5,RUE,DU LAVOIR,,49330,SCEAUX-D'ANJOU,46.34Z
841533276,8.42E+13,,,,,,,LE PETIT VERSAILLES,,49170,LA POSSONNIERE,01.21Z
841541881,8.42E+13,,,,,13,,LA CONTRECHE,CHAMP SUR LAYON,49380,BELLEVIGNE-EN-LAYON,46.34Z
841625205,8.42E+13,,,,,,,CHATEAU DE TARGE,,49730,PARNAY,46.34Z
841643901,8.42E+13,,,,,20,RTE,D'ANGERS,COUTURES,49250,BRISSAC LOIRE AUBANCE,01.21Z
841700578,8.42E+13,,,,,,,LA RAIMBAUDIERE,CHAMP SUR LAYON,49380,BELLEVIGNE-EN-LAYON,01.21Z
842204463,8.42E+13,,,,,23,RUE,DES CHAIS,LA GRANGE,44430,LE LANDREAU,46.34Z
842370827,8.42E+13,3nuancesdevins.fr,contact@3nuancesdevins.fr,,3 NUANCES DE VINS,57,RUE,DE LA GARE,,44830,BOUAYE,46.34Z
842515058,8.43E+13,,,,,,,LE BOIS JOLI,ST LAMBERT DU LATTAY,49190,VAL-DU-LAYON,01.21Z
842535650,8.43E+13,jeannegermain.fr,germainjeanne@msn.com,,,56,BOULEVARD,SAINT-VINCENT,,49400,VARRAINS,46.34Z
842711608,8.43E+13,,,,OLIVIER LECOMTE NEGOCE,31,RUE,DU PRIEURE,,49560,PASSAVANT-SUR-LAYON,46.34Z
842803066,8.43E+13,juliencontant.com,julien_contant@hotmail.com,,LE DOMAINE DE L'OURS BLEU,43,RUE,DES ABBESSES,DOMAINE DE CHAUMONT,49730,MONTSOREAU,01.21Z
843151663,8.43E+13,cave71.fr,contact@cave71.com,02 49 62 66 45,CAVE 71,71,AVENUE,DE LA LIBERATION,,44400,REZE,46.34Z
843231192,8.43E+13,,,,,,RTE,DE LA ROCHE SUR YON,,85320,MAREUIL-SUR-LAY-DISSAIS,01.21Z
843271453,8.43E+13,,,,,,,LA CORMERIE,,72150,SAINT VINCENT DU LOROUER,01.21Z
844288902,8.44E+13,,,,,6,RUE,DES TILLEULS,,49700,LES ULMES,01.21Z
844294058,8.44E+13,,,,,1,RUE,DU LOGIS,LES VERCHERS SUR LAYON,49700,DOUE-EN-ANJOU,01.21Z
844406611,8.44E+13,,,,,9,CHE,DES USSELLES PIERRE BISE,,49750,BEAULIEU-SUR-LAYON,01.21Z
844692228,8.45E+13,lescanons.co,,,,,,BONNEZEAUX,THOUARCE,49380,BELLEVIGNE-EN-LAYON,01.21Z
844842682,8.45E+13,,contact@lestroistoits.com,,,51,RUE,DU CHAMP DE PIE,,44120,VERTOU,01.21Z
844882597,8.45E+13,,,,,15,PLACE,DE LA PALEINE,,49400,SOUZAY-CHAMPIGNY,01.21Z
845015288,8.45E+13,,,,,56,BOULEVARD,SAINT-VINCENT,,49400,VARRAINS,46.34Z
845319565,8.45E+13,,,,,3,RUE,BEAUSEJOUR,,44690,SAINT-FIACRE-SUR-MAINE,01.21Z
847604808,8.48E+13,,,,,21,RUE,SEGORA MESSEME,,49260,VAUDELNAY,01.21Z
847646668,8.48E+13,,,,,66,RUE,SAINT-MAURILLE,,49290,CHALONNES-SUR-LOIRE,01.21Z
848217493,8.48E+13,,,,,30,RUE,DE PIBRAC,,44690,LA HAIE-FOUASSIERE,01.21Z
848224333,8.48E+13,chateauderochefort.com,,,,,,CHATEAU DE ROCHEFORT,,44690,LA HAIE-FOUASSIERE,01.21Z
848259263,8.48E+13,,,,,60,,LA CHEVILLARDIERE,,44330,VALLET,01.21Z
848509220,8.49E+13,,,,,373,CHE,DE BONNEZEAUX,THOUARCE,49380,BELLEVIGNE-EN-LAYON,46.34Z
848671301,8.49E+13,,,,,284,CHEMIN,DES HERRINES,,49290,CHAUDEFONDS-SUR-LAYON,01.21Z
848985354,8.49E+13,,,,,6,CHEMIN,DES ROCHERS DANIEL,,85350,L'ILE-D'YEU,01.21Z
849074083,8.49E+13,,,,OFFRIAN RUM,163,RUE,DU COTEAU DU POULICHON,,44521,OUDON,46.34Z
849371240,8.49E+13,,,,,3,CHEMIN,DE LA MONNAIE,,49170,SAVENNIERES,01.21Z
849497102,8.49E+13,,,,LE BEGUIN DU VIN,41,RUE,DES MARAICHERS,,44300,NANTES,46.34Z
849662788,8.50E+13,,,,LOIC MAHE,,LD,CHAMBOUREAU,EPIRE,49170,SAVENNIERES,46.34Z
849822408,8.50E+13,,,,,90,,LE PE DE SEVRE,,44330,LE PALLET,01.21Z
849988365,8.50E+13,,,,,309,CHEMIN,DES LANDES,CADASTRE Z041 - Z0107,49320,BRISSAC LOIRE AUBANCE,01.21Z
850025065,8.50E+13,,,,,,,LA PARERIE,,72340,MARCON,01.21Z
850065384,8.50E+13,,,,,3,IMPASSE,DU CABERNET,,49260,SAINT-JUST-SUR-DIVE,46.34Z
850105008,8.50E+13,,,,,4,RUE,SUFFREN,,44000,NANTES,46.34Z
850255886,8.50E+13,,,,,26,RUE,DES SOUPIRS,,44450,SAINT-JULIEN-DE-CONCELLES,46.34Z
850395963,8.50E+13,guillaumegirard.fr,,,,2,,LA REBOURGERE,,44690,MAISDON-SUR-SEVRE,01.21Z
850665308,8.51E+13,,,,PAPILLON DE NUIT BOTTLE & CUSTOMIZATION,18,AVENUE,DES GENETS,,44470,THOUARE-SUR-LOIRE,46.34Z
850807389,8.51E+13,,,,,1,,LE DEFAY,ST AUBIN DE LUIGNE,49190,VAL-DU-LAYON,01.21Z
851337139,8.51E+13,,,,,26,RUE,MOZART,,85190,AIZENAY,01.21Z
851397562,8.51E+13,,,,,1002,ROUTE,DE L'AIGUILLETTE,L'AIGUILETTE,44330,MOUZILLON,46.34Z
851483644,8.51E+13,,,,,,RUE,DU SABLAIS,1:00 a.m.,85470,BREM-SUR-MER,46.34Z
851672303,8.52E+13,,,,,10,RUE,DES ROGELINS,,49400,VARRAINS,46.34Z
851729202,8.52E+13,jd-vins.com,,,JD & VINS,30,RUE,DES ARTISANS,,85300,CHALLANS,46.34Z
851877498,8.52E+13,whiskydistrict.com,,09 86 08 01 25,,18,RUE,DES POELIERS,,49100,ANGERS,46.34Z
851882126,8.52E+13,,,,,4,,LA NOE,,44690,CHATEAU-THEBAUD,46.34Z
851970715,8.52E+13,,,,,2,RUE,LOUIS MARIN,,44200,NANTES,01.21Z
852004860,8.52E+13,,,,,,,CHEMIN DES MINIERES,,49700,BROSSAY,01.21Z
852023290,8.52E+13,,,,,8,,LE FIEF DE BEL AIR,LA VARENNE,49270,OREE-D'ANJOU,01.21Z
852042910,8.52E+13,,,,ZAPWINEZ,52,AVENUE,YOLANDE D'ARAGON,RESIDENCE RIVES DU PARC,49100,ANGERS,46.34Z
852069897,8.52E+13,,,,,6,AVENUE,D'ANGERS,,49190,ROCHEFORT-SUR-LOIRE,01.21Z
852082304,8.52E+13,domaine-clos-stmaur.fr,,,,1,RUE,DU CHATEAU,SANZIERS,49260,LE PUY-NOTRE-DAME,01.21Z
852106129,8.52E+13,simonrouillard.fr,,,,309,CHEMIN,DES LANDES,,49320,BRISSAC LOIRE AUBANCE,01.21Z
852113414,8.52E+13,,,,,303,,LES NOUES,THOUARCE,49380,BELLEVIGNE-EN-LAYON,46.34Z
852148592,8.52E+13,,,,,25,RUE,DU VAL DE BRAYE,,72310,BESSE-SUR-BRAYE,46.34Z
852151760,8.52E+13,,,02 51 07 50 94,,,,LES BARADELLES,,85480,THORIGNY,46.34Z
852266782,8.52E+13,,,,,27,RUE,DES ANCIENS COMBATTANTS D'AFN,FAYE D'ANJOU,49380,BELLEVIGNE-EN-LAYON,01.21Z
852307917,8.52E+13,,,,,650,RUE,ANTOINE DE SAINT EXUPERY,,44150,ANCENIS-SAINT-GEREON,46.34Z
852578566,8.53E+13,,,,,76,RUE,DE LA BELLE ANGEVINE,SAINT-LAMBERT DU LATTAY,49190,VAL-DU-LAYON,46.34Z
852696939,8.53E+13,,,,,14,AVENUE,DE L'HORTICULTURE,,44300,NANTES,46.34Z
852829761,8.53E+13,vignoblecogne.fr,cogne.vin@orange.fr,02 40 83 73 16,VINS COGNE,227,,LA COUPERIE (ST CHRISTOPHE-LA-COUPERIE),,49270,OREE D'ANJOU,46.34Z
852934926,8.53E+13,,,,,,,,LE ROTY - SAINT HERBLON,44150,VAIR-SUR-LOIRE,46.34Z
853156321,8.53E+13,,,,,,,TIERCE,VAUCHRETIEN,49250,BRISSAC LOIRE AUBANCE,01.21Z
853230605,8.53E+13,,,,,2067,RTE,DE MONTREUIL,,49700,DOUE-EN-ANJOU,01.21Z
853230613,8.53E+13,,,,,,,LA JACQUERIE,INGRANDES SUR LOIRE,49123,INGRANDES-LE-FRESNE-SUR-LOIRE,01.21Z
853473627,8.53E+13,sablesverts.com,,,,66,,GRAND'RUE,,49400,VARRAINS,01.21Z
853475416,8.53E+13,,,,,15,RUE,ALBERT LEBRUN,FAYE D'ANJOU,49380,BELLEVIGNE-EN-LAYON,01.21Z
853595452,8.54E+13,muscadet-grandmouton.com,contact@muscadet-grandmouton.com,02 40 54 81 92,,,,GRAND MOUTON,,44690,SAINT-FIACRE-SUR-MAINE,01.21Z
853600443,8.54E+13,,,,,,,LA CONAUDIERE,,72310,BESSE-SUR-BRAYE,01.21Z
853642544,8.54E+13,,,,,,,LA COUR DU LIEGE,CLEFS,49150,BAUGE-EN-ANJOU,01.21Z
853675775,8.54E+13,,,,,54,RUE,DE LA CROIX DE CHAINTRE,,49400,SAUMUR,46.34Z
853683282,8.54E+13,,,,,21,AVENUE,JEAN MERMOZ,,49400,SAUMUR,01.21Z
853683282,8.54E+13,,,,LE NADIR NEGOCE,21,AVENUE,JEAN MERMOZ,,49400,SAUMUR,46.34Z
857712400,8.58E+13,,,,,,,LA GARE,,44370,LOIREAUXENCE,01.21Z
860801125,8.61E+13,,,02 40 54 81 15,,,LD,CHASSELOIRE,,44690,SAINT-FIACRE-SUR-MAINE,46.34Z
861700508,8.62E+13,,,,,2,RUE,ST HERMELAND,,44150,VAIR-SUR-LOIRE,01.21Z
861715142,8.62E+13,,,,,27,RUE,DE LA LOIRE,,44430,LE LANDREAU,01.21Z
877568931,8.78E+13,chateau-piegue.com,,02 41 97 43 52,,,,CHATEAU DE PIEGUE,,49190,ROCHEFORT-SUR-LOIRE,01.21Z
877743815,8.78E+13,,,,,,,RAGOT,FAYE D'ANJOU,49380,BELLEVIGNE-EN-LAYON,01.21Z
877815712,8.78E+13,lou-distribution.com,contact@lou-distribution.com,,,6,RUE,DE SAINT DOMINGUE,,44200,NANTES,46.34Z
877946392,8.78E+13,,,,,,,LES BERGERES,ST LAMBERT DU LATTAY,49190,VAL-DU-LAYON,01.21Z
878262609,8.78E+13,,,,,,,ZI DU BIGNON,,44110,ERBRAY,46.34Z
878389857,8.78E+13,,,,,,,CHAUVIGNE,,49610,MOZE-SUR-LOUET,01.21Z
878400381,8.78E+13,,,,,10,RTE,DU PAVILLON,LA VARENNE,49270,OREE-D'ANJOU,01.21Z
878870575,8.79E+13,,,,,20,RTE,D ANGERS COUTURES,,49250,BRISSAC LOIRE AUBANCE,46.34Z
879124550,8.79E+13,,,,,,,LA BOIRE GUYARD,,49170,SAINT-GERMAIN-DES-PRES,01.21Z
879237444,8.79E+13,,,,,,,LE PLESSIS GLAIN,,44450,SAINT-JULIEN-DE-CONCELLES,01.21Z
879279297,8.79E+13,,,,,20,RUE,DES TROGLODYTES SAUMOUSSAY,ST CYR EN BOURG,49260,BELLEVIGNE-LES-CHATEAUX,01.21Z
879401834,8.79E+13,,,,,6,CHE,DE L'ECHALIER,RABLAY SUR LAYON,49380,BELLEVIGNE-EN-LAYON,01.21Z
879708360,8.80E+13,,,,,,,CHETIGNE,,49400,DISTRE,01.21Z
879813855,8.80E+13,,,,,4,RUE,DES LAVANDIERES,FAVERAYE MACHELLES,49380,BELLEVIGNE-EN-LAYON,01.21Z
879913374,8.80E+13,,,,,,,LES CHAILLOUX,CHAMP SUR LAYON,49380,BELLEVIGNE-EN-LAYON,01.21Z
880001896,8.80E+13,,,,,7,RUE,DES PERRIERES AMIGNE,TIGNE,49310,LYS-HAUT-LAYON,01.21Z
880008727,8.80E+13,,,,,,,L'AYRAULT,,49750,BEAULIEU-SUR-LAYON,01.21Z
880167945,8.80E+13,,,,DOMAINE DES CHAPELLES,329,CHE,DES PEUPLIERS THOUARCE,,49380,BELLEVIGNE-EN-LAYON,01.21Z
880511381,8.81E+13,,,,,,,LA FRUITIERE,,44690,CHATEAU-THEBAUD,01.21Z
880827696,8.81E+13,,,,LE PONT DES VIGNES,,,L'ATRIE,,85190,AIZENAY,01.21Z
880872064,8.81E+13,,,,,,,LE CHAMP DU BOIS,VAUCHRETIEN,49250,BRISSAC LOIRE AUBANCE,01.21Z
880929187,8.81E+13,,,,,,,ZI DU BIGNON,,44110,ERBRAY,46.34Z
881034359,8.81E+13,,,02 40 36 47 70,,21,IMPASSE,DE LA GAUROINE,LA HAUTE RECIVIERE,44330,MOUZILLON,01.21Z
881291249,8.81E+13,a-l-affut.fr,contact@a-l-affut.fr,02 55 07 04 06,A L'AFFUT BOISSONS SERVICES,2,RUE,MARIE CURIE,GRANDCHAMP DES FONTAINES,44119,GRANDCHAMP-DES-FONTAINES,46.34Z
881479281,8.81E+13,,,,,3,RUE,SAINT-FIACRE TREMONT,,49310,LYS-HAUT-LAYON,46.34Z
881642813,8.82E+13,garniere.com,fleurance@garniere.com,02 41 70 40 25,,202,LD,LA GARNIERE,SAINT-CRESPIN SUR MOINE,49230,SEVREMOINE,46.34Z
882050248,8.82E+13,,,,,,,LES LANDES DEVIN,,44690,CHATEAU-THEBAUD,01.21Z
882172018,8.82E+13,,,,,27,RUE,DES ARDOISES,,49124,SAINT-BARTHELEMY-D'ANJOU,46.34Z
882442825,8.82E+13,,,,ANJOU WINE EXPORT,4,RUE,SAINT-MAURILLE,,49290,CHALONNES-SUR-LOIRE,46.34Z
882494305,8.82E+13,,,,,6,RUE,DU LOGIS,LES VERCHERS SUR LAYON,49700,DOUE-EN-ANJOU,01.21Z
882664105,8.83E+13,leshautesnoelles.com,domaine@leshautesnoelles.com,02 40 31 53 49,,,RUE,DE LA HAUTE GALERIE,,44710,SAINT-LEGER-LES-VIGNES,01.21Z
882772924,8.83E+13,,,,,9,,RAFFRAY,,49610,MURS-ERIGNE,46.34Z
882966849,8.83E+13,domainedetrivel.fr,,,,2,RUE,DU MOULIN,VALANJOU,49120,CHEMILLE-EN-ANJOU,01.21Z
882973670,8.83E+13,avenuedespetits.fr,info@avenuedespetits.fr,,MICRO-ENTREPRISE 2KE,70,RUE,HEBERT,,53000,LAVAL,46.34Z
883039356,8.83E+13,,,,,4,RUE,DES BARRES AMIGNE,TIGNE,49310,LYS-HAUT-LAYON,01.21Z
883092454,8.83E+13,,,,,174,ROUTE,DE BONNE FONTAINE,DOMAINE DE LA TOURLAUDIERE,44330,VALLET,46.34Z
883122038,8.83E+13,,,,,1271,RTE,DE LA BASSE COMMUNE L'AGUILLETTE,,44330,MOUZILLON,01.21Z
883224446,8.83E+13,,,,,,,LA PLANCHE ALBERT VAUCHRETIEN,,49250,BRISSAC LOIRE AUBANCE,46.34Z
883538134,8.84E+13,,basile@lespinards.fr,09 88 53 72 35,,1,PLACE,PAUL EMILE LADMIRAULT,,44000,NANTES,46.34Z
883676330,8.84E+13,,,,,16,RUE,DE LA LIBERTE SAINT-JEAN DE LINI,,49070,SAINT-LEGER-DE-LINIERES,46.34Z
883676330,8.84E+13,,,,,16,RUE,DE LA LIBERTE,ST JEAN DE LINIERES,49070,SAINT-LEGER-DE-LINIERES,46.34Z
883703019,8.84E+13,,,,J.L.V.,25,BOULEVARD,PAUL CHANTREL,,72000,LE MANS,46.34Z
884278037,8.84E+13,,,,,,,LES HAUTES COTTIERES,,44330,VALLET,01.21Z
884342411,8.84E+13,,,,,63,BOULEVARD,DU GENERAL FAIDHERBE,,49300,CHOLET,46.34Z
884474099,8.84E+13,,,,,,,,BEAU SOLEIL,44330,MOUZILLON,46.34Z
884644196,8.85E+13,,,,,,,BOISAIRAULT,BRIGNE,49700,DOUE-EN-ANJOU,01.21Z
884747163,8.85E+13,,,,,13,RUE,DE LA POELERIE,,44120,VERTOU,01.21Z
884749680,8.85E+13,lessensdelavigne.fr,,,,120,RUE,HENRI LE CHATELIER,FOUQUETIERE,44150,ANCENIS-SAINT-GEREON,46.34Z
884833799,8.85E+13,,,,,37,RUE,DU PLESSIS LA MUSSE,,44100,NANTES,46.34Z
884878737,8.85E+13,,,,,,RTE,DE LA CROIX LONGUE,LES PARCS BLANCS,44410,SAINT-LYPHARD,46.34Z
885183558,8.85E+13,nadegewines.com,,,,,,LES BERGERES,SAINT LAMBERT DU LATTAY,49190,VAL-DU-LAYON,46.34Z
885314559,8.85E+13,,,,,3,RUE,DU CARROIS,,49750,BEAULIEU-SUR-LAYON,01.21Z
885357731,8.85E+13,,,,,,RUE,DES LIGERIENS (CHENEHUTTE-TREVES-CUNAULT),,49350,GENNES-VAL-DE-LOIRE,46.34Z
887510659,8.88E+13,,,,,,,LA GAUTERIE SAINT LAMBERT DU LAT,,49190,VAL-DU-LAYON,01.21Z
887655900,8.88E+13,,,,,54,,LE BOIS JOLY,,44330,LE PALLET,01.21Z
887674620,8.88E+13,,,,,,,TOURNEVILLE,THOUARCE,49380,BELLEVIGNE-EN-LAYON,01.21Z
887711158,8.88E+13,,contact@domainegardez.com,02 41 59 76 29,,20,RTE,DU COTEAU,,49700,DOUE-EN-ANJOU,01.21Z
887806230,8.88E+13,,,,,6,,LA CONTRECHE,CHAMP SUR LAYON,49380,BELLEVIGNE-EN-LAYON,01.21Z
887834752,8.88E+13,,,,,,,CLOS DE L'ECU,,44430,LE LANDREAU,46.34Z
888531670,8.89E+13,,,,,6,RUE,AUGUSTE RENOIR,,53400,CRAON,01.21Z
888572450,8.89E+13,,,,,13,ROUTE,DE COURCHAMPS,,49260,LE COUDRAY-MACOUARD,46.34Z
888679792,8.89E+13,,,,VINUM VITAE,,,LA GRANGE DE VANCELAN,,53210,ARGENTRE,46.34Z
888711108,8.89E+13,,,,,,,SAINTE RADEGONDE,,44430,LE LOROUX-BOTTEREAU,01.21Z
888712528,8.89E+13,,,,,45,,LA FEVRIE,,44690,MAISDON-SUR-SEVRE,01.21Z
889129532,8.89E+13,,,,,47,RUE,DU PUITS NEUF,,85350,L'ILE-D'YEU,46.34Z
889301198,8.89E+13,,,,,39,RUE,LEOPOLD GOULOUMES,,72470,CHAMPAGNE,46.34Z
889377289,8.89E+13,,,,,,,LE PLESSIS,,53240,SAINT-JEAN-SUR-MAYENNE,01.21Z
889426458,8.89E+13,,,02 40 34 10 99,,1,BD,D'ALATRI - RECOUVRANCE,,44190,GETIGNE,01.21Z
889615209,8.90E+13,,,,,,LD,FONTENY,BRISSAC QUINCE,49250,BRISSAC LOIRE AUBANCE,01.21Z
890121833,8.90E+13,,,,,,,BLANCHE LANDE NORD,,44521,OUDON,46.34Z
890121833,8.90E+13,,,,,240,,BLANCHE LANDE NORD,,44521,OUDON,46.34Z
890401045,8.90E+13,astrorhum.fr,,,,69,RUE,JULES VALLES,IMMEUBLE FREE WAY,44340,BOUGUENAIS,46.34Z
890464324,8.90E+13,,,,,3,RUE,DU MOULIN A CUIVRE,,49400,DISTRE,46.34Z
890763568,8.91E+13,,,,,,,LE VAUBERTRAIN,,72340,LHOMME,01.21Z
891015448,8.91E+13,,,,,,,AVOIR,,49160,LONGUE-JUMELLES,46.34Z
891057887,8.91E+13,,,,,1003,RUE,DES TESNIERES,VAUCHRETIEN,49320,BRISSAC LOIRE AUBANCE,01.21Z
891143695,8.91E+13,,,,,,LD,AUNIS,DAMPIERRE SUR LOIRE,49400,SAUMUR,01.21Z
891363228,8.91E+13,,,,,2,RUE,DE LA ROBERDERIE,,53200,CHATEAU-GONTIER-SUR-MAYENNE,46.34Z
891510281,8.92E+13,,,,,1,,LA TRINCANNIERE,,53160,JUBLAINS,01.21Z
891842718,8.92E+13,,,,LES VINS DE MATHIS,105,,LA GATOLIERE,,85250,SAINT-FULGENT,46.34Z
891982241,8.92E+13,,,,,147,,LE VAUD,,44521,OUDON,01.21Z
892263872,8.92E+13,,,,,14,,LES JAMONNIERES,,44310,SAINT-PHILBERT-DE-GRAND-LIEU,01.21Z
892415316,8.92E+13,,,,,64,,GRANDE RUE,RABLAY SUR LAYON,49380,BELLEVIGNE-EN-LAYON,01.21Z
893015180,8.93E+13,,,02 40 54 81 06,,,,LA BIDIERE LE PETIT CLOS,,44690,MAISDON-SUR-SEVRE,01.21Z
893245472,8.93E+13,,,,,,,LES PATAUDERIES,,49700,LOURESSE-ROCHEMENIER,01.21Z
893311902,8.93E+13,,,,CAVE DELAVIGNE,43,BOULEVARD,DE LA LIBERATION,,44220,COUERON,46.34Z
893393520,8.93E+13,,,,SIDRAS,32,RUE,GABRIEL LUNEAU,,44000,NANTES,46.34Z
893814566,8.94E+13,,,,,103,,COURSAY,,44690,MONNIERES,01.21Z
893864389,8.94E+13,,,,MATTE TERROIRS POUR TOUS,,,LA PETITE COMTERIE,,49170,SAINT-GEORGES-SUR-LOIRE,46.34Z
893908723,8.94E+13,,,,,11,RUE,DE NANTES,,44830,BOUAYE,01.21Z
894354091,8.94E+13,,,,,46,,GRANDE RUE,RABLAY SUR LAYON,49380,BELLEVIGNE-EN-LAYON,01.21Z
894388024,8.94E+13,,,,,2,IMP,DES CAVES LE BOURG DION,SAINT REMY LA VARENNE,49250,BRISSAC LOIRE AUBANCE,01.21Z
894465244,8.94E+13,,,,CHATEAU GUIPIERE,5,,LA GUIPIERE,,44330,VALLET,01.21Z
894551068,8.95E+13,,,,,486,RTE,DE ST JOSEPH,,44000,NANTES,46.34Z
894681675,8.95E+13,,,,,,,LA ROUSSIERE,,44330,LA REGRIPPIERE,46.34Z
894683838,8.95E+13,,,,,171,,IMPASSE DU CHAMP DU BOIS,VAUCHRETIEN,49250,BRISSAC LOIRE AUBANCE,01.21Z
894698521,8.95E+13,,,,CHARLOTTE THYREAULT,54,RUE,DES MARTYRS,,49730,TURQUANT,46.34Z
894755032,8.95E+13,,,,,4,RUELLE,DES TREILLES,,49400,SAUMUR,01.21Z
894755891,8.95E+13,,,,,4,RUELLE,DES TREILLES,,49400,SAUMUR,01.21Z
894820604,8.95E+13,,,,,3,,LES AURIERES,,85200,BOURNEAU,46.34Z
894850403,8.95E+13,,,,,46,,GRANDE RUE RABLAY SUR LAYON,,49380,BELLEVIGNE-EN-LAYON,01.21Z
894915206,8.95E+13,,,,,11,RUE,DES MOULINS,,44690,MONNIERES,01.21Z
894947464,8.95E+13,,,,,35,,LE PLESSIS GLAIN,,44450,SAINT-JULIEN-DE-CONCELLES,46.34Z
894963859,8.95E+13,monpetithoublon.com,,,,1,RUE,PAUL DUBOIS,,44000,NANTES,46.34Z
894981562,8.95E+13,,,,,138,RUE,DU PORTEAU,,49400,SAUMUR,01.21Z
894984079,8.95E+13,,,,,64,RUE,DE LA MOTTE,,49400,SAUMUR,46.34Z
897394359,8.97E+13,,,,MAURENE GREGOIRE,1271,RTE,DE LA BAS. COM. L AIGUILLETTE,,44330,MOUZILLON,46.34Z
897468559,8.97E+13,lesinfiltres.fr,,,LES INFILTRES,16,RUE,DES POMMIERS,,49700,DOUE-EN-ANJOU,01.21Z
897636577,8.98E+13,,,,,315,ROUTE,DE MONTSOREAU,,49400,SAUMUR,01.21Z
897710935,8.98E+13,,,,,2,,RUETTE DE LA LANDE,SAINT CYR EN BOURG,49260,BELLEVIGNE-LES-CHATEAUX,01.21Z
897907648,8.98E+13,,,,,182,RTE,DE LA POINTE D'ARCAY,,85460,L'AIGUILLON-LA-PRESQU'ILE,01.21Z
898285002,8.98E+13,,,,,175,RUE,DE LA SEIGNEURIE,CHATEAU PERRAY - CHAVAGNES,49380,TERRANJOU,01.21Z
898319751,8.98E+13,,,,,315,RTE,NOTRE DAME D'ALLENCON,GRAND BONNEZEAUX THOUARCE,49380,BELLEVIGNE-EN-LAYON,01.21Z
898377908,8.98E+13,domainedessylphes.com,,,,1,CHEMIN,DE TRELEBOURG,,44760,LES MOUTIERS-EN-RETZ,01.21Z
898521042,8.99E+13,,,,,7,RUE,NEUVE,RABLAY SUR LAYON,49380,BELLEVIGNE-EN-LAYON,01.21Z
898585229,8.99E+13,,,,,34,RUE,NEUVE,,72150,COURDEMANCHE,01.21Z
898799259,8.99E+13,,,,,15,RUE,ST VINCENT,RABLAY SUR LAYON,49380,BELLEVIGNE-EN-LAYON,01.21Z
899624985,9.00E+13,,,,CAVE GREGOIRE,1271,ROUTE,DE LA BASSE COMMUNE,L AIGUILLETTE,44330,MOUZILLON,46.34Z
899754345,9.00E+13,,,,,250,,LE HAUT PERRON,,44430,LE LOROUX-BOTTEREAU,01.21Z
899853816,9.00E+13,,,,,,CHEMIN,DE L'AIGLERIE,L'AIGLERIE,49170,SAVENNIERES,01.21Z
900004144,9.00E+13,rezhin.fr,contact@rezhin.fr,09 85 07 76 36,REZHIN,99,RUE,CENTRALE,,44420,MESQUER,46.34Z
900113200,9.00E+13,,,,PAIN DE MINUIT,2,RUE,DES DERVALLIERES,,44000,NANTES,46.34Z
900605460,9.01E+13,,,,,31,RUE,DES TROGLODYTES,CHACE,49260,BELLEVIGNE-LES-CHATEAUX,46.34Z
900676057,9.01E+13,,,,,51,RUE,DE LA MAISON NEUVE,,85200,SAINT-MICHEL-LE-CLOUCQ,01.21Z
900787359,9.01E+13,,,,,,,LES ESSARTS SAINT-AUBIN DE LUIGN,,49190,VAL-DU-LAYON,46.34Z
900802026,9.01E+13,,,,,,,LES ESSARTS SAINT-AUBIN DE LUIGN,,49190,VAL-DU-LAYON,01.21Z
901088930,9.01E+13,,,,,,,LES PIERRES MESLIERES,,44150,ANCENIS-SAINT-GEREON,01.21Z
901243857,9.01E+13,,,,,135,,LA BRONNIERE,,44430,LE LOROUX-BOTTEREAU,01.21Z
901279778,9.01E+13,matfeux.fr,,,LA CAVE DES MATFEUX,289,AVENUE,NATIONALE,,72230,ARNAGE,46.34Z
901436212,9.01E+13,,,,,,,LE PRESSOIR,,72500,SAINT PIERRE DE CHEVILLE,01.21Z
901513440,9.02E+13,la-cave-de-benoit.fr,,02 40 59 73 42,LA CAVE DE BENOIT,105,ROUTE,DE RENNES,,44700,ORVAULT,46.34Z
901689026,9.02E+13,,,,,316,,LE PAY,,44190,SAINT-LUMINE-DE-CLISSON,01.21Z
901901751,9.02E+13,,,,,2,,CHEMIN DES PEUPLERAIES,CHACE,49260,BELLEVIGNE-LES-CHATEAUX,01.21Z
902836584,9.03E+13,,,,,7,RUE,DE L'EGLISE,,49400,DISTRE,01.21Z
903061778,9.03E+13,,,,,20,RUE,DU PEUIL,,49590,FONTEVRAUD-L'ABBAYE,01.21Z
903652824,9.04E+13,,,,,93,,GRAND'RUE,,49400,VARRAINS,01.21Z
903693323,9.04E+13,,,,,,,LA GAUCHERIE,FAVERAYE MACHELLES,49380,BELLEVIGNE-EN-LAYON,01.21Z
903860740,9.04E+13,,,,,17,RUE,"DE L'ARGURAY, CHAVANNES",,49260,LE PUY-NOTRE-DAME,01.21Z
903927630,9.04E+13,,,,,320,LD,LA PAONNERIE - ANETZ,ANETZ,44150,VAIR-SUR-LOIRE,01.21Z
904049111,9.04E+13,lacavenature.com,,,LA CAVE NATURE,6,RUE,STEPHANE GUILLEME,06-aot,85000,LA ROCHE-SUR-YON,46.34Z
904289410,9.04E+13,,,,,8,RUE,DE L'ABBAYE,,49190,ROCHEFORT-SUR-LOIRE,01.21Z
904346517,9.04E+13,,,,,63,RUE,DES ROCHES,,49260,VAUDELNAY,01.21Z
904769015,9.05E+13,,,02 40 06 98 32,,2,,LA GANOLIERE,,44190,GORGES,01.21Z
905263554,9.05E+13,,,,DOMAINE DE LA GANOLIERE,,,LA GANOLIERE,,44190,GORGES,46.34Z
905306890,9.05E+13,,,,SAS TENDU NEGOCIANT-VINIFICATEUR,,,PLAISANCE,,49190,ROCHEFORT-SUR-LOIRE,46.34Z
907698633,9.08E+13,,,02 40 45 60 50,,4,RUE,DE LA COURTILLETAIS,,44780,MISSILLAC,01.21Z
907715304,9.08E+13,,,,BIO FOLIETTE,35,RUE,DE LA FONTAINE,,44690,LA HAIE-FOUASSIERE,01.21Z
907740294,9.08E+13,,,,,13,RUE,DE LA MAIRIE,,49400,VARRAINS,01.21Z
907796007,9.08E+13,,,,,18,IMPASSE,DE LA GRANDE FORGE,,85000,LA ROCHE-SUR-YON,46.34Z
908000011,9.08E+13,domainedespetitsquarts.fr,contact@domainedespetitsquarts.com,02 41 54 03 00,,,,LA DOUVE FAYE D'ANJOU,,49380,BELLEVIGNE-EN-LAYON,01.21Z
908116437,9.08E+13,,,,,2,RUE,SAINT-DENIS,,49100,ANGERS,46.34Z
908330913,9.08E+13,,,,,324,LD,LA BRETONNIERE,,44690,MAISDON-SUR-SEVRE,01.21Z
908442650,9.08E+13,,,,,18,RUE,RENE BRILLET,LIEU DIT L'ENFER,49290,CHALONNES-SUR-LOIRE,01.21Z
908482714,9.08E+13,,,,,20,RUE,DES OUCHES,LA GRANDE NOE,44120,VERTOU,01.21Z
908525322,9.09E+13,,,,,7,RUE,GUSTAVE EIFFEL,,49110,BEAUPREAU-EN-MAUGES,46.34Z
908617624,9.09E+13,,,,BIEAUFOOD,23,RUE,GEORGE SAND,,44000,NANTES,46.34Z
908685563,9.09E+13,,,,,,LIEU DIT,LES NERONS,,72340,MARCON,01.21Z
908823016,9.09E+13,,,,,3,CITE,MAURICE VASSEUR,,72110,SAINT-COSME-EN-VAIRAIS,01.21Z
909099012,9.09E+13,,,,,6,RUE,MAURICE DUVEAU,DOUE LA FONTAINE,49700,DOUE-EN-ANJOU,01.21Z
909189623,9.09E+13,,,,TERRE DE FRANCE,58,BOULEVARD,DE STRASBOURG,,49000,ANGERS,01.21Z
909233090,9.09E+13,,,,,260,,LE BAS PONCEAU,,44850,LIGNE,01.21Z
909415457,9.09E+13,,,,,54,IMP,DU PONTREAU LE PONTREAU,,44330,MOUZILLON,01.21Z
909538282,9.10E+13,,,,,15,RUE,DE LA BRUYERE,ST CYR EN BOURG,49260,BELLEVIGNE-LES-CHATEAUX,01.21Z
909618266,9.10E+13,,,,,9,,CHAVIGNY,,85400,SAINTE-GEMME-LA-PLAINE,01.21Z
909829962,9.10E+13,,,,,31,,ROUTE DE LA CROCHETTE,ST SATURNIN SUR LOIRE,49250,BRISSAC LOIRE AUBANCE,01.21Z
909887150,9.10E+13,,,,,20,,LE MARCHE NOUVEAU,,85670,SAINT-ETIENNE-DU-BOIS,01.21Z
909887150,9.10E+13,,,,,,,LE LANDREAU VILLAGE,,44330,VALLET,01.21Z
909982076,9.10E+13,,,,,137,RUE,DES ROCHES,CHAMPAGNE,49260,VAUDELNAY,01.21Z
910038769,9.10E+13,,,,,97,,BRETIGNE,,44330,PALLET (LE),01.21Z
910084227,9.10E+13,domainedesgatz.fr,domainedesgatz@gmail.com,,DOMAINE DES GATZ,15,,LA DERTINIERE ANETZ,,44150,VAIR-SUR-LOIRE,01.21Z
910243906,9.10E+13,,,,LA VIE DES BULLES,,CHE,DE CHATEAU ROUSSET,LE THOUREIL,49160,GENNES-VAL-DE-LOIRE,46.34Z
910337195,9.10E+13,,,,,8,,LE POIRIER,,44310,LA LIMOUZINIERE,01.21Z
910396308,9.10E+13,,,,,4,RTE,DE BELLEVUE,SAINT AUBIN DE LUIGNE,49190,VAL-DU-LAYON,46.34Z
910440221,9.10E+13,,,,,,LD,LE GRAND JAUGE,VALANJOU,49120,CHEMILLE-EN-ANJOU,01.21Z
910491224,9.10E+13,,,,,,,LA LANDE,,72340,LHOMME,01.21Z
910566553,9.11E+13,,,,MPWN,9,RUE,MADAME DE SEVIGNE,,53410,LA GRAVELLE,46.34Z
910670413,9.11E+13,,,,,22,RUE,SAINT VINCENT,,72150,LE GRAND-LUCE,46.34Z
910690627,9.11E+13,,,,,,,LES HAUTS MORTIERS,,44190,GORGES,01.21Z
910915032,9.11E+13,,,,,,LD,LA ROUSSELLERIE,CHANZEAUX,49120,CHEMILLE-EN-ANJOU,46.34Z
910967751,9.11E+13,,,,,3,RUE,DU 13 AOUT 1944,,49400,ROU-MARSON,01.21Z
911246791,9.11E+13,,,,,144,RUE,DE LA DRAPERIE,LIRE,49270,OREE-D'ANJOU,01.21Z
911737237,9.12E+13,,,,,,,ROUTE DE BEL AIR BELIGNE,THOUARCE,49380,BELLEVIGNE-EN-LAYON,01.21Z
911909513,9.12E+13,,,,,,,LA PERRIERE,,44850,LIGNE,01.21Z
912134806,9.12E+13,,,,LES BONNES BOUTEILLES,,RUE,DES GIRAUMERIES,ZA LA CROIX DES LANDES,53940,SAINT-BERTHEVIN,46.34Z
912461159,9.12E+13,,,,,,,LIEU DIT LE FRESCHE,LA POMMERAYE,49110,MAUGES-SUR-LOIRE,01.21Z
912646106,9.13E+13,,,,,8,RUE,PERINELLE,SAINT-LAMBERT-DU-LATTAY,49190,VAL-DU-LAYON,46.34Z
912852126,9.13E+13,,,,,2,CHEMIN,DE BELLE ROCHE,,44240,LA CHAPELLE-SUR-ERDRE,01.21Z
912981750,9.13E+13,,,,,,,LA COUR,,44370,MONTRELAIS,46.34Z
913123972,9.13E+13,,,,,8,LD,LE MOULIN DE SABLON,LA FOSSE DE TIGNE,49310,LYS-HAUT-LAYON,46.34Z
913190773,9.13E+13,,,,,17,RUE,DE QUIMPER,,44800,SAINT-HERBLAIN,46.34Z
913285292,9.13E+13,,,,,30,,GRANDE RUE BRION,,49250,LES BOIS D'ANJOU,01.21Z
913340444,9.13E+13,,,,,31,RUE,LEON GAUMONT,,44700,ORVAULT,46.34Z
913384079,9.13E+13,,,,,30,RUE,DE L'ONGLEE,,49290,CHALONNES-SUR-LOIRE,01.21Z
913443842,9.13E+13,,,,,7,CHE,DE LA COUDRE JUIGNE SUR LOIRE,JUIGNE SUR LOIRE,49320,LES GARENNES SUR LOIRE,01.21Z
913478152,9.13E+13,,,,,,,LES SAULES,,49290,CHAUDEFONDS-SUR-LAYON,01.21Z
913896007,9.14E+13,,,,,15,AVENUE,DE LA GALICE,,44190,GORGES,46.34Z
913896007,9.14E+13,,,,,,,LA VRIGNAIS,,44140,AIGREFEUILLE-SUR-MAINE,46.34Z
914006820,9.14E+13,initiative-vendeebocage.fr,i5nccgdwugvkanjpauda@n.o-w-o.info,02 51 43 87 25,LA CAVE D'HERVE,14,ROUTE,DE POITIERS,,85290,SAINT-LAURENT-SUR-SEVRE,46.34Z
914174354,9.14E+13,terresdimaginaire.fr,,,TERRES D'IMAGINAIRE,950,CHEMIN,DE LA GUERINIERE,LES BASSES BROSSES,49190,ROCHEFORT-SUR-LOIRE,01.21Z
914840061,9.15E+13,,,,,18,ROUTE,DE CLISSON,,44190,SAINT-LUMINE-DE-CLISSON,01.21Z
914879796,9.15E+13,,,,,17,,LE PLESSIS DE CHANZEAUX,CHANZEAUX,49120,CHEMILLE-EN-ANJOU,01.21Z
914882030,9.15E+13,,,,,487,RTE,DES GROUAS MARTIGNE-BRIAND,,49380,TERRANJOU,46.34Z
915046080,9.15E+13,,,,,13,,ROUTE DE VAUCHRETIEN,FAYE D'ANJOU,49380,BELLEVIGNE-EN-LAYON,01.21Z
915100341,9.15E+13,,,,,1,CHEMIN,DES VERCHERS,,49260,LE PUY-NOTRE-DAME,46.34Z
915117204,9.15E+13,domainedesgrouas.com,contact@domainedesgrouas.com,,,487,RTE,DES GROUAS MARTIGNE BRIAND,,49380,TERRANJOU,01.21Z
915208946,9.15E+13,,,,,5,RUE,DU CANAL,,44210,PORNIC,46.34Z
915248090,9.15E+13,gazeau-baldi.com,,09 71 46 35 48,,,,LA GAUDINIERE,,72340,LHOMME,01.21Z
917643850,9.18E+13,,,,,33,,LA RINIERE,,44430,LE LANDREAU,01.21Z
917649402,9.18E+13,,,,,74,RUE,VALBRUN,,49730,PARNAY,01.21Z
917769317,9.18E+13,,,,,8,ROUTE,DE SAINT-MARS LA REORTHE,,85590,LES EPESSES,46.34Z
917802852,9.18E+13,,,,,14,RUE,PIERRE LANDAIS,,44430,LE LOROUX-BOTTEREAU,01.21Z
917901548,9.18E+13,,,,,2,R,DU PELICAN LA POMMERAYE,LA POMMERAYE,49110,MAUGES-SUR-LOIRE,01.21Z
917915209,9.18E+13,,,,,19,,L'OREE DU CHATEAU LIRE,,49270,OREE-D'ANJOU,01.21Z
917929812,9.18E+13,domainedessaulaies.fr,contact@domainedessaulaies.fr,02 41 54 30 66,,1,R,DES MONTS FAYE D'ANJOU,,49380,BELLEVIGNE-EN-LAYON,01.21Z
918356551,9.18E+13,,,,,2,RUE,DE SAINT - GERMAIN,,53420,CHAILLAND,01.21Z
918371931,9.18E+13,,,,,,,LES CAVES,,49260,VAUDELNAY,01.21Z
918372517,9.18E+13,,,,,3,IMP,DE LA TOURETTERIE,ST SATURNIN SUR LOIRE,49250,BRISSAC LOIRE AUBANCE,01.21Z
919114462,9.19E+13,,,,VINICURIEN,10,RUE,CROIX BOULEUX,,53200,CHATEAU-GONTIER-SUR-MAYENNE,46.34Z
919292532,9.19E+13,,,,,8,,LE VIVIER,ZA,85140,SAINTE-FLORENCE,46.34Z
919571588,9.20E+13,,,,,,,LA CONFORDIERE,,49370,BECON-LES-GRANITS,01.21Z
919744623,9.20E+13,,,,,139,RUE,GEORGES CLEMENCEAU,,85350,L'ILE-D'YEU,46.34Z
919760512,9.20E+13,,,,,2,,LA GRANDE RAGOTIERE,,44330,LA REGRIPPIERE,01.21Z
920039047,9.20E+13,,,,VITIVI,66,RUE,LOUIS MORON,,49250,BRISSAC LOIRE AUBANCE,01.21Z
920047347,9.20E+13,domainedelauriere.fr,,,,,,LâAURIERE,,44330,LA CHAPELLE-HEULIN,01.21Z
920354016,9.20E+13,,,,BARBET YANNICK,33,RUE,DE LâAUBEPINE,,72300,VION,46.34Z
920383858,9.20E+13,,,,,119,RTE,DE SAUMOUSSAY LA PERRIERE,ST CYR EN BOURG,49260,BELLEVIGNE-LES-CHATEAUX,01.21Z
920900396,9.21E+13,,,,,39,ROUTE,DE SAUMUR,,49730,PARNAY,46.34Z
921651576,9.22E+13,,,,,,,LES BROSSES,CHAMP SUR LAYON,49380,BELLEVIGNE-EN-LAYON,01.21Z
922204771,9.22E+13,,,,,13,CHEMIN,DES GRANDS JARDINS,LA CRESPELIERE,44310,SAINT-PHILBERT-DE-GRAND-LIEU,01.21Z
922312145,9.22E+13,,,,,114,CHEMIN,DU METREAU,LE GRAND AIRAULT,49190,ROCHEFORT-SUR-LOIRE,01.21Z
922331632,9.22E+13,,,,,24,RUE,DU DAUDET,MONTJEAN SUR LOIRE,49110,MAUGES-SUR-LOIRE,01.21Z
922400304,9.22E+13,,,,,1,RUE,DE CASSINELLE,,85770,VIX,01.21Z
922694336,9.23E+13,,,,,28,PLACE,SAINTE-CROIX,,49190,ROCHEFORT-SUR-LOIRE,01.21Z
924637069,9.25E+13,,,,,272,CHEMIN,D'YVANDEAU,CONSERV ACTIVITES VITICOLE ET VINIC,72200,LA FLECHE,01.21Z
924832777,9.25E+13,,,,,5281,RUE,DE LA FONTAINE,MOLLAY,49260,SAINT-JUST-SUR-DIVE,46.34Z
924938285,9.25E+13,,,,,1,,LA HAUTE COUDRAIE,,49560,CLERE-SUR-LAYON,01.21Z
925192296,9.25E+13,,,02 40 33 93 05,VIGNOBLES FBV,41,RUE,SAINT-VINCENT,,44330,VALLET,46.34Z
927449660,9.27E+13,,,,,72,RUE,DE LA PALEINE,SAINT-CYR-EN,49260,BELLEVIGNE-LES-CHATEAUX,01.21Z
927476317,9.27E+13,domainedesjumeaux.fr,domainedesjumeaux@gmail.com,,SCEV DOMAINE DES JUMEAUX,30,RUE,DE LA MAIRIE,CHAILLE SOUS LES ORMEAUX,85310,RIVES DE L'YON,01.21Z
927762724,9.28E+13,,,,,24,RUE,RABELAIS,CHAMP SUR LAYON,49380,BELLEVIGNE-EN-LAYON,01.21Z
927834416,9.28E+13,,,,,,,LA VIGNE,,49370,SAINT-CLEMENT-DE-LA-PLACE,01.21Z
927844035,9.28E+13,,,,,60,CHEMIN,DE HAUTE PERCHE,,49610,SAINT-MELAINE-SUR-AUBANCE,46.34Z
927915272,9.28E+13,,,,,,RUE,SAINT VINCENT,LA HAUTIERE,44690,SAINT-FIACRE-SUR-MAINE,01.21Z
928024876,9.28E+13,chateauguipiere.com,,02 40 23 40 66,CAVE 1842,32,AVENUE,LOUIS LAJARRIGE,,44500,LA BAULE-ESCOUBLAC,46.34Z
928381466,9.28E+13,,,,,23,RUE,DU PIC MARTIN,,49190,ROCHEFORT-SUR-LOIRE,01.21Z
928381821,9.28E+13,,,,,32,BOULEVARD,ALBERT EINSTEIN,,44300,NANTES,46.34Z
928663087,9.29E+13,bocage-wines.com,,,,2,,LES CHAUSSELIERES,,44330,LE PALLET,01.21Z
928962430,9.29E+13,,,,,5,,LE BROUSSAIS,,44460,SAINT-NICOLAS-DE-REDON,46.34Z
929082972,9.29E+13,,,,,,,LE BOIS D ORTIE,,49730,TURQUANT,01.21Z
929233435,9.29E+13,,,,,,,LA GAUDINIERE,,72340,LHOMME,46.34Z
929252195,9.29E+13,,,,,1,,LA MAISON NEUVE,,44190,GORGES,01.21Z
929574606,9.30E+13,,,,,9,RUE,DU PERE GIRAULT,SAINT AUBIN DE LUIGNE,49190,VAL-DU-LAYON,01.21Z
929601565,9.30E+13,,,,,2,RUE,PAUL LANGEVIN,,44210,PORNIC,46.34Z
930164363,9.30E+13,,,,,186,,LE CHENE (LIRE),,49270,OREE D'ANJOU,01.21Z
930383468,9.30E+13,,,,,950,CHEMIN,DE LA GUERINIERE,LES BASSES BROSSES,49190,ROCHEFORT-SUR-LOIRE,46.34Z
930422118,9.30E+13,,,,,,,LE PONT DE LIVIER,SAINT-GEORGES-SUR-LAYON,49700,DOUE EN ANJOU,01.21Z
930553433,9.31E+13,,,,,373,CHEMIN,DU GRAND BONNEZEAUX,THOUARCE,49380,BELLEVIGNE-EN-LAYON,01.21Z
930667142,9.31E+13,,,,,8,,CHOORHOEKSEWEG,,4424 NW,,46.34Z
931085005,9.31E+13,,,,,64,,GRANDE RUE,RABLAY SUR LAYON,49380,BELLEVIGNE-EN-LAYON,46.34Z
931142780,9.31E+13,,,02 41 78 04 21,,,CHEMIN,DU BAS PE,DOMAINE SAINT PIERRE,49290,CHAUDEFONDS-SUR-LAYON,01.21Z
931446645,9.31E+13,,,,,4,RUE,DE L'ARGURAY,,49260,LE PUY-NOTRE-DAME,01.21Z
931851109,9.32E+13,,,,,8,RUE,DE LA POSTE,,49290,CHAUDEFONDS-SUR-LAYON,46.34Z
933203911,9.33E+13,,contact@beachbum-beer.fr,,,6,RUE,JOSEPH ADOLPHE ROUSSE,,44210,PORNIC,46.34Z
933387466,9.33E+13,,,,,9,BOULEVARD,GABRIEL GUIST'HAU,,44000,NANTES,46.34Z
933467441,9.33E+13,,,,,44,PLACE,DE L'EGLISE,,85140,SAINT-MARTIN-DES-NOYERS,46.34Z
933978025,9.34E+13,,,,,,RUE,DES SAUVINS,LE CHAMP DE LA GAGNERIE - SAINT LAMBERT DU LATTAY,49750,VAL-DU-LAYON,01.21Z
934568890,9.35E+13,,,,,58,ROUTE,DE LA LOSANGERE,,44330,MOUZILLON,01.21Z
935185934,9.35E+13,,,,,8,RUE,AUGUSTE LEPERE,,44100,NANTES,46.34Z
935366344,9.35E+13,,,,,18,RUE,DU DOCTEUR STEPHANE LEDUC,,44700,ORVAULT,46.34Z
935373076,9.35E+13,,,,HUGO GIRARD,6,RUE,THIERS,,49100,ANGERS,01.21Z
937572352,9.38E+13,,,,,5,RUE,DES CAVES,SOUSIGNE MARTIGNE-BRIA,49540,TERRANJOU,01.21Z
937706844,9.38E+13,,,,,,,L'HOMMELAIS,,44310,SAINT-PHILBERT-DE-GRAND-LIEU,01.21Z
938273950,9.38E+13,,,,DELPHINE CHUFFART,,,BEAU SOLEIL,DOMAINE DE BEAU SOLEIL,44430,LE LANDREAU,01.21Z
938428166,9.38E+13,,,,,,,LES BROSSES,TIGNE,49310,LYS-HAUT-LAYON,01.21Z
938735875,9.39E+13,,,,,150,CHEMIN,DU PONT NEUF,TIGNE,49540,LYS-HAUT-LAYON,01.21Z
938949385,9.39E+13,neos.com,,,NEOS,26,RUE,LEOPOLD PALUSTRE,,49400,SAUMUR,46.34Z
939976155,9.40E+13,,,,,1,RUE,ANTOINE CRISTAL,CHATEAU DE PARNAY,49730,PARNAY,01.21Z
940066905,9.40E+13,,,,,29,RUE,LEON SAY,,44000,NANTES,46.34Z
940713373,9.41E+13,,,,,1008,RUE,DES MONTAIGUS,,49290,CHALONNES-SUR-LOIRE,01.21Z
941227274,9.41E+13,,,,DOMAINE DU TRAIT VERT,11,,LA RETORIERE,,44190,GETIGNE,01.21Z
941346710,9.41E+13,,,,DOMAINE DU TILLEUL,1002,ROUTE,DE L'AIGUILLETTE,,44330,MOUZILLON,46.34Z
941445603,9.41E+13,,,,,1,RUE,DE LA BRECHE,LES VERCHERS-SUR-LAYON,49700,DOUE-EN-ANJOU,01.21Z
941451056,9.41E+13,,,,,306,CHEMIN,DES FERRIERES,THOUARCE,49380,BELLEVIGNE-EN-LAYON,01.21Z
941485971,9.41E+13,,,,LE MOULIN PINEAU,1,CHEMIN,DES BREVERRIERES (LE MESNIL-EN-VALLEE),,49410,MAUGES-SUR-LOIRE,01.21Z
941490138,9.41E+13,closapopulus.fr,,,,47,RUE,DU BOURG NEUF,,49400,VARRAINS,01.21Z
941965816,9.42E+13,,,,,3,RUE,DU PALAIS DE JUSTICE,,49560,PASSAVANT-SUR-LAYON,01.21Z
942252537,9.42E+13,,,,DE VILLETROUVEE,76,COUR,DE VILLETROUVEE,,49290,CHALONNES-SUR-LOIRE,01.21Z
942272634,9.42E+13,,,,,1,RUE,ANTOINE CRISTAL,,49730,PARNAY,01.21Z
942612797,9.43E+13,,,,,20,RUE,DU PUITS-AUBERT,,49260,BELLEVIGNE-LES-CHATEAUX,01.21Z
942721747,9.43E+13,,,,DOMAINE ARANA,,,LE MOULIN DES VERZEAUX (VALANJOU),,49120,CHEMILLE-EN-ANJOU,01.21Z
942923574,9.43E+13,,,,CLOS BENARDERIE,,,LA POILANERIE,,49190,ROCHEFORT-SUR-LOIRE,01.21Z
942923574,9.43E+13,,,,CLOS BENARDERIE,2002,ROUTE,DES PEUX,,49160,LONGUE-JUMELLES,01.21Z
945008795,9.45E+13,,,,,,,LES LOGES,FAVERAYE MACHELLES,49380,BELLEVIGNE-EN-LAYON,01.21Z
947616116,9.48E+13,,,,VANROYENWK,9,RUE,DES BOUTONS DâOR,,49400,SAUMUR,01.21Z
948096490,9.48E+13,,,09 75 59 62 66,,190,,LES CANTREAUX,,44430,LE LOROUX-BOTTEREAU,01.21Z
948149117,9.48E+13,,,,DOMAINE DES BRUMES,12,RUE,DU CANAL DE MONSIEUR,,49190,VAL-DU-LAYON,01.21Z
948158431,9.48E+13,,,,,21,RUE,CHARLES LARROUIL,,72000,LE MANS,46.34Z
948236492,9.48E+13,,,,,27,RUE,LEOPOLD PALUSTRE,,49400,SAUMUR,46.34Z
948278924,9.48E+13,,,,,,,LA TENDRIERE PONCE,,72310,LOIR EN VALLEE,01.21Z
948765888,9.49E+13,domainepin.com,,,,1,LD,BEAUSEJOUR,ST AUBIN DE LUIGNE,49190,VAL-DU-LAYON,46.34Z
949700629,9.50E+13,,,,,4,RUE,DE MASCARA,,44100,NANTES,01.21Z
949883367,9.50E+13,,,,,,,LE PETIT CHAMP,,72400,LA FERTE BERNARD,46.34Z
949925937,9.50E+13,,,,LES VIGNES DES SERFS,,,BEL AIR,,49320,LES GARENNES SUR LOIRE,01.21Z
949929285,9.50E+13,,,,,461,ROUTE,DU BELLAY,,49650,ALLONNES,01.21Z
950741819,9.51E+13,,,,,17,RUE,LEON GAUMONT,,44700,ORVAULT,46.34Z
950778027,9.51E+13,,,,,89,AV,GEORGES CLEMENCEAU,,85150,LES ACHARDS,46.34Z
950778027,9.51E+13,,,,,,,ZONE INDUSTRIELLE,,85150,LES ACHARDS,46.34Z
950873273,9.51E+13,domainedugerfaut.fr,contactdomainedugerfaut@gmail.com,02 41 78 03 07,,25,RUE,DE L'ONGLEE,,49290,CHALONNES-SUR-LOIRE,01.21Z
950875229,9.51E+13,,,,EI CHASLERIES CAMILLE,4,,LA PROVIDENCE DE LA BLINIERE,,49120,CHEMILLE-EN-ANJOU,01.21Z
950877225,9.51E+13,,,,,11,,LE BAS FIEF,,44190,GORGES,01.21Z
950887349,9.51E+13,herbathe.fr,,02 44 01 39 33,,54,RTE,DE LA BERIOTTERIE,,49380,BELLEVIGNE-EN-LAYON,46.34Z
950975631,9.51E+13,,,,,18,RUE,RABELAIS,SAINT LAMBERT DU LATTAY,49190,VAL-DU-LAYON,46.34Z
951160407,9.51E+13,,,,,1,,LA CORNULIERE,,44190,GORGES,46.34Z
951276260,9.51E+13,,,02 40 06 61 04,,14,RUE,DE VIEILLEVIGNE,,44140,AIGREFEUILLE-SUR-MAINE,46.34Z
951299254,9.51E+13,,,,MAX PAU,3,RUE,VIOLIN,,44620,LA MONTAGNE,46.34Z
951337385,9.51E+13,,,02 44 41 62 73,,59,RUE,DES HALLES,,85100,LES SABLES D'OLONNE,46.34Z
951608322,9.52E+13,,,,,2,RUE,DES CAILLERES,ZA LES PETITS PRIMEAUX,44330,LE PALLET,46.34Z
951995836,9.52E+13,,,,,2,ALLEE,DE LA HACHERE,,44800,SAINT-HERBLAIN,46.34Z
953081668,9.53E+13,,,,,3,RUE,DE LA VALLEE,,85130,TIFFAUGES,46.34Z
953693298,9.54E+13,,,,,3055,ROUTE,DES HAUTS DE CHAUME,LIEUDIT LES HAUTES BROSSES,49190,ROCHEFORT-SUR-LOIRE,01.21Z
953719846,9.54E+13,eoswine.guide,,,EOS WINE CONSULTING,6,,LA GENAISERIE,SAINT AUBIN DE LUIGNE,49190,VAL-DU-LAYON,46.34Z
953938057,9.54E+13,,,,,5,RUE,DU VAL D HYROME,,49190,VAL-DU-LAYON,46.34Z
977576289,9.78E+13,,,,CONFIDENTIAL-DRINKS,26,SQUARE,MARGUERITE YOURCENAR,,49300,CHOLET,46.34Z
977578525,9.78E+13,,,,,18,RUE,RENE BRILLET,CAVE LA BOURGONNIERE,49290,CHALONNES-SUR-LOIRE,46.34Z
977704105,9.78E+13,,,,,3,RUE,DE L'ARGURAY,CHAVANNES,49260,LE PUY-NOTRE-DAME,01.21Z
977714732,9.78E+13,,,,DOMAINE DES SENS,7,,COURSAY,,44690,MONNIERES,01.21Z
977731868,9.78E+13,,,,,,LIEU DIT,LA ROCHE,,72340,MARCON,46.34Z
978256634,9.78E+13,,,,,14,RUE,DE LA BIENBOIRE,,49400,SOUZAY-CHAMPIGNY,01.21Z
978256634,9.78E+13,,,,,,IMPASSE,DE L'EGLISE,CAVES DE PARNAY,49730,PARNAY,01.21Z
978288348,9.78E+13,,,,EI SUTEAU CECILE,19,,LA NIVETIERE,,49230,SEVREMOINE,01.21Z
978436293,9.78E+13,,,,,19,RUE,DES VIGNERONS,,49400,SOUZAY-CHAMPIGNY,01.21Z
978634897,9.79E+13,,,,SCEA PETOUIN ET ENRAGE,,,LES COSSARDIERES,,44430,LANDREAU (LE),01.21Z
978724623,9.79E+13,,,,HB. WINES,48,ROUTE,DE LA MADELEINE,,85330,NOIRMOUTIER-EN-L'ILE,46.34Z
978785616,9.79E+13,,,,L'AMIREMI,729,,LES ROBERDERIES BROC,NOYANT,49390,NOYANT-VILLAGES,46.34Z
978949709,9.79E+13,,,,,,,LA CASSEMICHERE,,44330,LA CHAPELLE-HEULIN,01.21Z
978952208,9.79E+13,,,,,14,AV,DU MOULIN,,85440,TALMONT-SAINT-HILAIRE,46.34Z
979334901,9.79E+13,,,,,2,IMPASSE,DE LA POTERIE,,85250,LA RABATELIERE,46.34Z
979334901,9.79E+13,,,,,31,RUE,DU PARC,,85250,LA RABATELIERE,46.34Z
979924024,9.80E+13,,,02 51 18 58 82,,4,RUE,DU TRAITE DE PARIS,,44210,PORNIC,46.34Z
980834204,9.81E+13,,,,,3,IMPASSE,DU MOULIN NEUF,,49700,LOURESSE-ROCHEMENIER,01.21Z
981009541,9.81E+13,maisoncoco.fr,corentin@maisoncoco.fr,,,2,RUE,YVETTE CAUCHOIS,,44400,REZE,46.34Z
981022916,9.81E+13,,,,L'IDYLLE DES VANS,27,RUE,DES AMARYLLIS,,49170,SAINT-AUGUSTIN-DES-BOIS,01.21Z
981525967,9.82E+13,,,,,,,COURTIRON,MOULIN DE COURTIRON,72340,MARCON,46.34Z
981652282,9.82E+13,,,,DUBOIS VINCENT,4,RUE,DE L ECUSSON,THOUARCE,49380,BELLEVIGNE-EN-LAYON,01.21Z
981870561,9.82E+13,,,,VIGNOBLE H. CHARPENTIER,15,,LES AVENEAUX,,44330,LA CHAPELLE-HEULIN,01.21Z
982329286,9.82E+13,chateaudelacalonniere.com,,02 41 59 43 37,CHATEAU DE BRIZE,,,BRIZE,MARTIGNE BRIAND,49380,TERRANJOU,01.21Z
982408676,9.82E+13,,,,,,,LE MOULIN DE THUET,,49260,VAUDELNAY,01.21Z
982415531,9.82E+13,,,,,1,RUE,DU STADE,,49290,CHAUDEFONDS-SUR-LAYON,01.21Z
982415531,9.82E+13,,,,DOMAINE PAYEN,167,ROUTE,DU LAYON,,49290,CHAUDEFONDS-SUR-LAYON,01.21Z
982534034,9.83E+13,,,,,8,RUE,ANTOINE WATTEAU,,44100,NANTES,46.34Z
982575185,9.83E+13,,,,,114,,LE VILLAGE BOUCHER,,44690,MONNIERES,01.21Z
982583692,9.83E+13,,,,,35,RUE,DES LIGERIENS GENNES,CHENEHUTTE TREVE,49160,GENNES-VAL-DE-LOIRE,46.34Z
982627937,9.83E+13,,,,LES VIGNOBLES MERCIER - NATURE,,,LA CHAIGNEE,,85770,VIX,01.21Z
982667750,9.83E+13,,,,,,ROUTE,DU CHATEAU DE LA COUR,VGE DE BEAUREGARD,44330,MOUZILLON,46.34Z
982885360,9.83E+13,,,,,7,RUE,DES GUILBAUDIERES - LA TOUCHE,RABLAY-SUR-LAYON,49380,BELLEVIGNE-EN-LAYON,01.21Z
983024209,9.83E+13,,,,,68,RUE,DU BELLAY,,49260,SAINT-JUST-SUR-DIVE,46.34Z
983275728,9.83E+13,,,,,,,LA CHAMBAUDIERE,,44190,SAINT-LUMINE-DE-CLISSON,01.21Z
983430877,9.83E+13,,,,,17,RUE,DES ALOUETTES,,44450,SAINT-JULIEN-DE-CONCELLES,01.21Z
983486606,9.83E+13,,,,RABEIL - ETOILE,18,BOULEVARD,DâALCESTER,,44330,VALLET,46.34Z
983545955,9.84E+13,,,,,,,LA BRAUDERIE,SAINT LAMBERT DU LATTAY,49190,VAL-DU-LAYON,01.21Z
983558248,9.84E+13,,,,LUX EN ROC,5,IMPASSE,RICHELIEU,,85470,BREM-SUR-MER,01.21Z
983801127,9.84E+13,,,,,10,CHE,DE MONTGILET,JUIGNE SUR LOIRE,49320,LES GARENNES SUR LOIRE,01.21Z
983879685,9.84E+13,,,,,9,BOULEVARD,DES AMERICAINS,,44170,NOZAY,46.34Z
983938861,9.84E+13,,,,,17,RUE,DE LA BESNARDIERE,NOYANT LA PLAINE,49700,TUFFALUN,01.21Z
984318097,9.84E+13,,,,,5,RTE,DE LA BOUGRIE,CHAMP SUR LAYON,49380,BELLEVIGNE-EN-LAYON,01.21Z
984448548,9.84E+13,,,,,39,RUE,DE L EGLISE,CHACE,49260,BELLEVIGNE-LES-CHATEAUX,46.34Z
984556365,9.85E+13,,,,,4,RUE,DU HAUT-VILLENEUVE,,72500,DISSAY-SOUS-COURCILLON,46.34Z
984687558,9.85E+13,,,,QUILLES D'AVENIR,36,RUE,FELIX FAURE,,44400,REZE,46.34Z
985020692,9.85E+13,,,,,28,RUE,DU CHATEAU,,44670,LA CHAPELLE-GLAIN,46.34Z
985160449,9.85E+13,,,,,,RUE,DE LA CHARRIERE,CAVE,72340,LA CHARTRE-SUR-LE-LOIR,01.21Z
985272384,9.85E+13,domaine-bruno-cormerais.com,,02 40 03 85 84,,21,,LA CHAMBAUDIERE,,44190,SAINT-LUMINE-DE-CLISSON,46.34Z
985397264,9.85E+13,,,,,3,RUE,DE LA BUTTE DES MOULINS,,44590,LUSANGER,46.34Z
988289997,9.88E+13,,,,,21,,LA COCHE,,44680,SAINTE-PAZANNE,01.21Z
988319133,9.88E+13,,,,,21,AVENUE,DU CHATEAU,MARTIGNE BRIAND,49540,TERRANJOU,01.21Z
989083043,9.89E+13,,,,,1632,RUE,DE PIEGUE,,49190,ROCHEFORT-SUR-LOIRE,01.21Z
989547526,9.90E+13,,,,,8,RUE,DE L'ERRUE,TIGNE,49560,LYS-HAUT-LAYON,01.21Z
989597158,9.90E+13,,,,,8,RUE,GRESSET,,44000,NANTES,46.34Z
989734942,9.90E+13,,,,,2,RUE,DES MONTS,DOMAINE DES CLOSSERO,49380,BELLEVIGNE-EN-LAYON,01.21Z
989757406,9.90E+13,,,,CHICNECTAR,39,RUE,DE NIDEVELLE,,49350,GENNES-VAL-DE-LOIRE,46.34Z
989764097,9.90E+13,,,,,19,IMPASSE,DE L'AVENEAU,,44690,LA HAIE-FOUASSIERE,01.21Z
989764154,9.90E+13,,,,DOMAINE DES PINSONS,15,,LA MARMIGNONNIERE,LIRE,49530,OREE D'ANJOU,01.21Z
989764709,9.90E+13,,,,,2,RUE,CHARLES SAURIA,,49130,LES PONTS-DE-CE,46.34Z
989796370,9.90E+13,,,,,187,CHEMIN,DE JAMBON,LA CHATIERE,49140,RIVES-DU-LOIR-EN-ANJOU,46.34Z
989906755,9.90E+13,,,,,,,GRAND MOUTON,,44690,SAINT-FIACRE-SUR-MAINE,01.21Z
989906805,9.90E+13,,,,,,,GRAND MOUTON,,44690,SAINT-FIACRE-SUR-MAINE,01.21Z
989918370,9.90E+13,,,,V.S.C DES BONS VIVANTS,208,,LES SAUVIONNIERES,208 LES SAUVIONNIERES 44330 VALLET,44330,VALLET,46.34Z
990096174,9.90E+13,,,,,301,ROUTE,DE BEL AIR,,49380,BELLEVIGNE-EN-LAYON,46.34Z
991619768,9.92E+13,,,,,5,RUE,MARCEAU,,49100,ANGERS,46.34Z
